ID,num
14e34f99a6fa62dabf5412ffd0dc0529,1
a697cb15f11cb59ffd7b351eb7dbe83d,0
cd29d8f7d10713f394983ddc5726e327,0
59cff8c70c0fa62f0ca5a20070f1ed03,0
23e97fb47f3bcf27a48ddf3cc229622b,0
bc34d839fd6f08440417d56f0436e0bb,0
736c4e6a75b4fe1497256d47cc4d1569,0
cba99613c4b9866ca7b8d5e8ede416fd,10
344b27e11f7856854a708c70388e6958,7
df431db753885e6ea902309295400cdd,0
d1f99ba911f40b787b8ffa948ebf1faf,0
0d0d6e3c38a18519996c82ee07fde7ec,7
cdbc3e395dcb5c568edadf8dfd161463,0
105529b2c4895add7e9322e23bacf21d,2
237d488a1d60c24c5b66b4b1c95f2999,2
bfadb3ac82cda0e8bc4d4262e05305ec,14
eb2520c167a394c66a10346e919733c1,0
73fa488655f4abe5151d06a22921a674,0
4761668e0f3aafc0040cd1cd0c043776,0
2dcd79d338e7217b052a1916a220fe9b,2
178ddc9a46f2e6d1f5d413c10cef4965,0
8c2c9cfba61d39e372a72030e48e75f0,6
1950d9f385ee963c51019800fcabbc0a,0
0ba8d6cb2d3d9aa4c8959bbb4dd37f64,6
be3a5ec3070da78ad85bf15b2cb364df,1
b6bf15a60596094d4b1ac0f5e20a5ab2,1
d81d95adac54e3782ddace5dbb7cddbf,0
1be8739815ab1705c1bd653491eb863d,28
360dd97517e461f04501f3b60562bcc9,0
e743fb3b366b2339294b7d0c42342368,15
c8440dfb83d05b971401122f6f232602,3
ae6bf357c5b1f7a3cd3a1c4c2d7973f5,3
bfa17bdc3463a49a21774d114e54c91a,2
334e8a8a7f24163ea8eb3081818ccfe6,14
8588e87f49b4edbcce61e9ff49cada24,19
1da188704f0c54eb63dd8b1a566a0c50,0
3ba3cae888bd988cd218c1ff281e9e33,0
c9431420894edb5aac9176fec0668145,0
8e5fe49f4483f064227bc6db3d1bb15c,0
1fbff3588bf69fff66d43e3d9d172c0d,0
422f13dfaae3fd99b1ea7580dc2921bb,8
798709c31e9349a052d7455148e758c8,0
a45724faad097b15689c6875c8b72476,0
1e92cbb4585f5a0d4b091a50bf6e48f9,1
1740ee714fb0599423a68bc0b1b49f28,0
fe638729058fcb4b37c953c02e914b3d,0
c0c39b94ac8b07dbb0d2e1813ac58efd,0
c0b715a41419af7b1bbb1655b0b649d6,14
0465895652f7ccaa5196a77460b46243,0
5db6aeb16f64f685efe21cf4d5590053,0
cfb29b15365e95d7af1919459c626449,0
fcd2850f0b9032a3520e51c0a23c8464,0
7c2f179ab074a9ed34cffaef6e2e8147,0
fa844c9b2447f84faa8f11b87dbb6f54,0
49f3695c7255c398ea6cc627fe487cf3,0
26ea5913babc2fd0d1a617b42716f7f4,0
b68eca2ae475ec1efba99aeaf80d4f25,0
84fdfef8d45d8147e536c62adcfe6df7,0
b25557ad85ae2406d4a4c9c4c44ea3d2,1
bfb362dfc3eaaf4a5a15e706a7149f00,0
7ffe4d19aaeb05127ed39605c5900d23,1
0c2b776237f694e1cf6eb0c293518dc9,0
5b7b81bc82103b8a61be1bdb8bc75b74,27
d9a84fa165988f9766efcc14f46ebe44,0
49baf254d88932a35d38eab23d7e85e1,4
67201ac9b0f7df2486750f0204c9d8ed,55
358bd97d3201fa0acde80f634bfa4a94,0
e4acbace32fc0c432b8184bef3fb382e,0
af0dfdc019eacc11487af6b4ff100319,1
635d3185dcd1aebb89004adabbbd4223,26
1fc78ab88922b7b73d06fbf3efe29510,0
422dc67212126e409226dd40799813cc,0
83b0ef2b69eb9f0424b4ef603f67b8e8,0
9f632db49fe9cd4b0c3c75056aa01969,0
182f71b9fe429fbc9dc0bb33fbce046d,0
9005cc2cfe95d6c814f35df0e8df173c,0
d8aca249b241b01aac8301e2000f2056,0
fe71ec37648be20f024adb43e932ae0e,1
e581cd23e454f8cf15ef7795463cea02,0
4d182c7bb300f0cf15a725f568849636,3
d6debee24eb0156fda6d70914dd20f2d,0
e022495ca0f9f5b6a1abd6ad45ba33cf,0
bc015f0465e009f4bd2daab544af4296,6
cd87e161ed2f1da9da5facb64f19f6b0,0
6e1bf5be82036ed4538e7687fd462f9c,2
8c18fecc7b72e974ea1a0c682a57201d,57
419ac3cd7e86f4a07b933981de1ba239,0
65547b0861b3480eedbad7c1c49a07ae,0
6e22c716d59cdda0b52633d0cff5c05d,0
721279a02d28abcc264787da4ee0a59e,2
a87bd13edfffcd8928322896933d3a2e,0
98148eb3a0f0f5b26c2958a9fac710c5,0
2cbebc8c4a5b27319229e428e3cf6814,0
b8fefbb378929b10dd5aa5002fad350a,20
5d5bd6eefb84d20324c928be88305498,0
ec4d45d7bda11bc8ed5f4b78075e0823,1
793e9995ce2f69b9187a98f4d87ee91c,28
833ce44eb5889583b22528a2519ef291,0
e3a65d92091fd83c1b9b01fa724d5d89,0
4d352f1953cb488dcb9ebd8636cb471a,0
6568951dc8338651858902d342f13547,0
f071d506f14b9e00299e2dafb15282c8,0
aa08bc83a722c6fd46a4c21434d33a64,1
1bc62c4eb5f5c0cd1c7682251a3afb0a,10
033a89a856733585754eb4343329197f,0
e33452160f8cd8ea7e11eaf8f2a07120,0
c6185fa2379d335303646d54d33b8ab1,0
7d0bb2270679d2f7297526b9ae00efda,3
521a6ad81f70ad41369667cbac77a1d8,0
680707e87cb334bbdbdd104dd1fd2962,0
d404ccaea3fccde0e62437cbcbc0a3ef,0
9527231333757ebb52d0df070265b1d9,0
8f63068ccc15c3d3c2e1e271716ce7e5,13
4dce0b2bf9f20f51508196f5eb6078a9,0
3b443eaf849d6382fa45fd0e40cb7f50,0
7821e3a4c7fc4f12689590ea338c9070,4
b1df84c78b07681e901294b418b5a707,0
51ac277e67dad76b2522d28f97bc44c7,0
b3729dc09819f06ed236c95baad7a8ca,0
47b0212e48b11e3d8d2a59a77a02388e,6
f20804c87d0bf0b709e40cbd00c37be1,0
c82a0f8b4ba7415f4207cab56f1855e0,0
facf041f14c43c57f914c2a181f6290b,0
8f5e43bde58ec941dab59fa9e2749e04,0
5cac34d743e4ca48f859951e165a5b09,0
9013edd1ce0e1059a35e3241639e5a0d,0
e6ec882bf4ccafe3b86385cf096c9e95,0
489c3a9574d45bc957a50ad1f1533e0a,0
a5fa88b440c202346d3cbb25ae3d000c,17
17e8e04aff3d78b33b81eaf596c52c92,1
0dd16ce929feb037bc979726537862f4,0
0247e6049226f8055c2005593bfe298a,0
3f21125c923f620c03014dfbdc7a90ce,0
ac0279df67abd02cc04626f05a91c91b,0
06f94eb3e1389983a465c42fd6443d88,0
8712113270ab481a8d311c8dd1099c0d,0
1baea359435bf0e34bfc43b64c859f72,0
b3c4470b4e2c230196bddc37c826a4ba,10
c48fa4b69715f5e60593ac1068bac767,2
e77bd0bb0b3a562fc62d893b0e9f2183,1
26489da9bfdd66c2cb697855929d01b5,33
978b5529b27a77627112c47714c9cb16,3
0d86c5b0fc69f458dabeed1a1447aa5d,26
9540952806e03759fcef1a228918b7cb,0
1b759dd2d10651cf18ff988373687519,0
dda48fcf74cc7d8ac9934e81de7d69b4,0
f40ac46dfb15a94501ee85b7e375ef4f,0
577fd236acee6a695d69eed620661c1f,14
4bfd0bd1bbbed5957d79f478f536b8e6,0
0f20ef6c6c37f1660eb85d22e7560d5e,0
23c2dca1ec620cebf6dce011c5d6987a,1
4d4ee5a83bf654b9e3c7c4675bb2319d,0
5c506e90f837a3461edf783b55e5d6b1,0
1e6b668ad8c2eef0588cf480e7750cda,0
a62dac4a2c36b8c91fb14cdafa089e6f,0
1061c0e2c6c59b71b51ed0594b6ad285,0
087caa2327815d168927e09f7dfeaffc,0
e9a2dd4ee917f4da9fcb9fdf6784e525,9
28c70950543bcf8f0366aadc0b2ae0c4,0
7fd60c85ba474bb8dcd128a00e704af3,0
fa165915a0e833ac3074d0f2ab17e405,0
128b6a18534bd3d3b26f3ff2807786c8,0
c30318899f9ddd74f949acd3ca93150a,0
87d731d209060ce2018ba5388b05e1cd,0
5f77c2eb123344316be100941379b63e,3
7cae6b5884ac09810379b02984eb0ceb,0
d4a428dc308d00076023bc611e533d52,3
0f32ee6a66408d42083532e9575cc2f8,0
e92eb71ec814071f6537c6eda22b279a,4
d94d7d2ac5099231d782bb0086cd5a24,0
30fac4d9073a67f26ad95f8d19a9abf5,0
3097ffd226792b7af65c8453de156965,0
e0038aa026dca506d6ee08abf3e9f704,2
730abeff84999dd41d62ee887a04edd9,0
c5869ec561f5a3b609701a9287d40f6c,0
1c32677cf13d2c61476b4dce1f909bbf,11
0bd1191feb19ebdedd7b8ded98e3e079,0
392b7200782348c50855c5db33ce7dce,0
248e098aa854489dd719cbf5c04fc54c,13
732570ac51a18cd0e71ba6497a9b2554,6
86f0298b7243a503547dd3a2abf08f6b,7
b8b876090880780370317670f46f7407,0
2c7f08b5578edf8cb1dcd9b558e75501,27
495d61497d76eaa32417e37d8a0ad185,2
24365a84dbef1d18d87a378052bd5795,0
b20bc445d66714a04c126d716c871d8f,0
78578bf3ea1496a417536cb8c2ba5c55,0
6b0bd07cc77d6e85ebbde42577286835,0
980c1aa18e5cc5a351d726d29b86a7cc,0
de74956013ad913d6278208369b5b11f,0
573b67dcaa094c10b9599cc638671112,0
2d25f922994b2573cf198ce3f152947e,0
4a257919a29fa6a6c27551e9fcf2eef5,0
0d1eecbbcd063ae6156533d296861710,0
d7983bbb0feca7b165747d5c45f26706,1
de9fa586ac1978c1d71b5364e3bcc56e,2
fb92b82dcf8167e46731bf16ac4b4878,0
226cb9194b19b2b18582bb25f2809f8e,2
75e931768cd71a7b8f1d9809aad75ec4,0
54e6a3462b029644af9d1256820a6b2d,0
11af5912a6e73498cfd6eb89478c4aa0,34
39e613c7ee9862edd06b58ebf37ccbde,19
66b944f1900405277330fa785e22fc6d,0
cb328e52011faa0f00b9ec571d5bf3e0,0
fc1be0c27871a6a7363f6b240d95b0ea,15
42736dac1f3fe438b49d0fa286fe040b,2
d0c3e8b310d9d61a3bec6bc15aa010d7,1
662156cde4882201b5cfc5de86a0ccc5,0
57eb2cd0b5e59ec17ee58f07edaea87a,0
8c8feb45a2fa7b9081b997f78d341e39,3
566ab54503ff1658ba7e7336f21e122a,0
1022cb597ef05808bde279390cf81fcd,5
7abbb74ee50ecbc270341a3ae38c5f7b,5
fa67226bc914101f5f191a3370db141e,21
fce9908d52e20b2721994d07d6527960,2
c82bc05e27394ea7751028485b8afa35,0
c2716e31b6f0234ca9393b8b0a841e93,0
6c3f17c25673c798ead89a8df922df5b,0
797e704dd54ee4bca048afd46b0f4d01,8
b6273314f9ff35d0af8a3c5ca1dbe9ed,0
59ea0e546d7b67f1a81b206d88acfccb,0
01c068d32d8263f8e310e4dc3df98b5f,0
2d14607e09e04b2956cc80ab66a7f4b4,0
5251fba44c8e4f47bd36e1288a6b7617,0
b3b5c9f36c5d98e2b35ce0f5d4f8e984,0
30f7c6d3396584b8ab70c69f7d79b7f0,0
3ab384635f54776ebe81539b1d074f36,6
f294e0c0fa64e69d4170327e44c7d587,13
87e94c49e0e2f5acad915c42a5bce66d,8
d09b361d5b74a3b281dc1ff5f794bdf4,0
5b2efb7f8c048cf595fb032a88b7251c,0
ac4b57efe4e60055c47dd62a1b54fef9,8
20542b189d20f2e8af41f619deb53abc,5
e2a81c4d571475d45d4a03a5fb645d41,0
8c3f5d723206dbdc3d01f2e4e32b56f7,0
1dbab977701410c60df0ef2e4b879d71,0
0540ecb666f3a3de46591ca1485f61bb,0
6050d000b1bf58cadbe83ddd69236f0e,0
36376940f81cfa2b730e0ec8a2084d74,0
b8a392c0170cd5f7e6ef1b28d5ffbfae,33
ba9005df8d79cb8d04d099aeabb52e9d,0
ecb61a7e19578283c2a2165189cba869,3
a0a0ab2b5e3c72317c1d1c7d7e62445c,4
466bf4ca38fdf41329636211bea47adf,0
f926edb7091b42accd8ea6ba2474e1f6,0
bc460152c7f5f940705a5a84ebd6e73f,0
5f9de6943fec03651a3ac84adadc3462,1
f854d64ad06e0b3ef69c76f273440b6b,21
2f5668cf930c77f2de52fa326791779c,0
ed864419385e5affa168bcf16c27d1bd,0
43b8e48ee9da89d86114e85c90206308,8
536ab3a9744fdd8c742d2de29ea1a0da,13
847b5febe59d7b6db6f49d2bcfa971b8,68
2a5ab5fe815f7eae8bda5f2c47df1b21,0
1e3f57eb4e491a9a2914456c16096ade,18
b68557c2bb6eb897573fb6e483e588dc,0
9c549fd20a69003851302971ac3776fd,0
1b0fd756d68acf1f1a57f29439ad081d,5
cc2024c48978a7698dc33a52829d250e,43
77ffc5237d93729ce46b0560d4cc5988,0
1d17883232c9b9434f722529593aba39,6
ef0291a2b849c7ba02670e3e66f359b8,1
72f8cf10b3791d64f6d8abfe3d3609a6,0
900b830efdffa1e710e4c75fb8c51de8,9
7daf08b2e30f4f353a8c23490e0ab15d,6
f3cbe093470785f31d3f733447b5ce47,0
03c36e53fad2c3043c9d1a817ad7f7d0,20
ce8bd1a6b6d67e2e8e783c387eede970,1
4dfa47f70ef608b02d46a13ca1aa2c8a,10
2d497b342c399a14386bcfc28cfc313e,0
792864c5ca2c1b0c6a735e10a134b129,0
1f8e83cef143a6725edaa646d14f276c,5
2566a1697f69681a75800cf7d81e6c2a,17
8477ee34d4a65a7814074d0800aff9cc,17
b5a200940ef3faf86b3894ab455eb33a,0
841813a4ddb755aa0c0a4a5d38e5e9ef,0
32862d8fef3679bc0353601dd03b1b83,6
d9b0f06d01be733b8027b9b740402304,0
689ea4d67b82f60bb9ce5ea64344c436,8
1946a61477dc66c60fa7825d48b5cd70,0
b9d0ac183cbbcf2d7beb94bc2c98d458,0
8f040034d3a0a742856c775d97b4a0ba,0
d8469419d82747423add01604f605e46,47
34a923a06bf570e1171d918e1760b413,0
b06c657d9b87080e6aa5a0a95542debb,0
b7288270c54065c9aeb473709b9c69fe,16
e170b8c1b56650f528f713a3a6af1d6d,6
ada10a0c159f006ae160396de3c7746c,0
9fbf62c54ff50f811d444f3da0fff2a7,16
95bba917ee8398d578af06977a132dd5,0
57575c4f908ef82c68f247c3c2c96a10,0
8fbdb1f5c8490647bbc45ffa529c39ee,0
d369d661624c3ed0d042199f51e543b2,2
1289c3469241e7928c652b8df630dce4,10
d2900357a29fc0ec46e16050ee889367,19
51dc631ed2432757e90b0dde9c5f1ee5,30
0bf25b25128d3026798de2eeb4a5e91c,70
003236bbc0feb191127c567ce508d0ab,39
86d121b562cda2341c1685875abda576,0
1b57af46cab0cebad4103490a335fe2e,10
481af3813621b10d395d766ac7f47ddb,0
42a877a37d73b3b92d008fde779d16e7,0
285b070bb53c86f05feb3bc5fc9169f7,0
4511a403886374d93f3064753babb80f,0
80a67ee4e73d8f54904b7ca0d22024cd,1
33072c66018fdcc8124f4a24cffad610,0
05b803593332d5586cabbce4979ec552,0
81d8e674965ed7c6f319dc684822f6d7,0
eebcad010cc703c7c38a1775b3ba3d78,0
41bafa40032c70e5e58ee79558b8c56a,0
e0a405449ea39434515eee7ffe3ea460,0
2ad855360077102fbec27e55b5389042,0
dcc91a3573a262db45795344d8f17337,0
0c4a49fc0be4c83fbd1bff46adddd031,0
9a1d6ec6c027df5c8c9d4d0eb386efc4,0
ca09a27bb27072f82ce3d99f8b92ed8a,0
7036ca2f05c8aaff141559c1204d3d98,6
132653e126c1216d7405975f6266cb00,0
b2b3dbc4711574bcf04c957bbf08135d,0
42d98edccffe41e0e5ec9930ef13e460,0
77ef8972c8144eac8ff7f89360660179,2
a2d125a4ca6775c35309efaa184241c4,25
d2ee8a1f61d4edacdc72873c7bcc55d4,0
2b062400c9812c2d31bb22e21645e7c0,4
8c7dd45dd99a4354b15a42aa231f8352,0
d9c0b1a79fa034c037aadeedbe52468e,2
06e9520a1af7c6fdfbdbbbc0b798523a,16
e372bf9079a5349fdcbaa7ed5a521847,12
b261b91e889e791e2ce8603eebb52fd6,1
d1c71de8c8cb8819344e12f9326382d2,0
4b114362a227637c9b02c7db187051cb,0
8871b1fc1232e9a9c2fbf4feb8cf86b9,16
f3d798332f43bf9d2b59603a3a358794,20
dadff58c5dc83664c3a8b8c228e5a34a,0
b4fa0ae2de541dad818ecf1d74d93aea,0
cbcc00fdf14c8dfab9e41aeecb5da942,9
d61432e310648683311ae0aba004f5c9,5
2d5bb1f6bff0e0fb86137816779bc1b1,0
1c7277e479a6bfc00c6dbbf8a6876c0a,0
1b9796a5d8fe2141b8a908334a51101f,37
7d35ba5b896b1da06da66985cac1fede,0
32efb6e3e03c2cf95833da80fd3c36f9,0
fe297adcb4e3c51b1f7737fc3eedf154,3
0f4196cc4d14356aa636fff3242f51f4,0
0273b15658d4d92468e209929173fbcc,0
420cecb13a5ab4ec7adf51868e5d10fb,0
4bd0849197f312305618b9431c4a018d,1
78be775012af9339c0e2ee943ab186e2,0
6fce007af8f8878a1e2e50086f0ddaf3,3
1c5cf05da4ab84a3d3993a7f78768849,9
ecdbcabd21479d9abf170d0d2ccd969b,4
342f46bc345d9118b553beb12e2ffb9f,0
9181f5cc48232656889c570ed7387e00,0
5bd1885aa851f7bbd207d84083210fbf,0
69317f1c4c9f8abfd1711cf04dc03747,0
41e74c4de3a90a1a6467a111227fce96,0
5c37da78908ab0ce65464c7fc0f5d4f7,41
ddd4aee2d84a75ac8d6dad38a7e0f7c8,0
7855c658f1b20be6f808bcb89e237654,1
d6c46fbdcd08f1c1153ab53300d1c02c,0
25d0678e8918bdac0cfd8fef94ba21c3,0
1b561775b3889886d07081a8c9e13553,1
9bc13d25b101e44655ba9b530b285383,2
b5b7a63e8d0cc3fcd3e223c8a09121db,0
c2a1a5e10e3f43f7815a01cba3114fca,0
007b3c4f0ab116a7fd5df8fa253f056b,56
ca6035f6dce287fa845f3a1791796074,0
3461922a0550638c061886d8def5aa13,0
f5ea4f97d2a0abbd7b572706bc0df5e2,0
b7142ec968a8275de16f3a2ce60ada17,0
463eae7d988cbcd2baa6395c7c3eca39,0
b734cf40192c858d39f09e64fdd29f58,0
022d7a40ed267721ec450234c9623c2d,11
0d02ce49945855b9d29b1d5574797740,1
e3188006d0d5b59080c48d506b35dba6,0
1fb3a23b398ecc6942c36d6a059eec53,49
8b4c453fbcb88d3f367b48c1ffedc4e5,0
35ccb530ae4e07372693375e607a1d1c,0
b7a45ee463f2c4a95e4f01490c9513af,0
5ac58bdf622d0ed39afc8b9ec0600710,0
5f1a3c71b9acfa6e9b8ccdf93a26a9e3,0
abbc28e49dc4c1d21bb504eecfa35f15,8
d3469c534c8ec49d65fcc9d980144daf,54
b8af91bee6aca9020fee627048690724,0
e2894987a0918ba30dae1c8004a63908,0
4767bf3fc675a71de67ffa20c436e5f8,11
37c43f9f9d6980a9cd96a74d60314dea,0
7e2eb3fa92d2a719db0996c95a1042b3,0
aacda575e1f82d10263de5d1f6121d45,18
fba14020d165cac399d44a59fdb63fc9,0
6e80b28c667dca15929d40c5a3558241,0
a9a6f89c660efa3b44eb687adfd0ce3f,0
9ba26a8a18dfcc43ab14c6cf5d477542,0
d6a8af5fe7f9418f104f456f813aa3df,0
d8f1adda7e94d328f6a3c1bdadd314fa,0
50e9ff48ca428366e867194259f8be7a,9
bfc354bc1f5f354b06a62d41ec6cfa1a,0
fe8626f27bf72b53736ffd1064fab2c1,0
01e3c1124d18be2768b11b115deb6e11,0
b5823985bd10060cd18d480851895ddd,22
a80b1e0a2e0180ae2d032f578f005a00,0
75fdca6eb9313254e79093deb771b9de,0
5f23fcf27943119ed79adbbed98274c2,0
8ed19ac1d0b4324c20012a64c8bbf895,8
f5c24d4cf03141c721c5a50dbe49fd71,0
5e8456fc0d0824210e8a4fd29b524966,0
3f4719381fa8bfac2b46ffd12f378059,0
852db0c1d0f5a5d256934bbfc9dd6f5b,18
c0c1a856a0d89880b3186b3a483ba2d9,0
d5228384e5fa8ac864ccf878076b91bc,0
19a7d4989ef25a7c4435dbcd3a1e1cbf,39
b65ec8c22e10e291bbf9659cefd9ba52,0
6971fb791b65cc8c50e542ff3f247863,0
4b51738eff61db023ae606e8e81d1739,0
77097db7f38bd3b76495685a0a662c6f,3
20fef52ba0ebb41df7e65e14a9678158,5
3ee172c4d927aca5252a72afe186710b,0
84fc1f142955225246828d8128557166,18
0d6ee17a63093d3fa82b9aed84f079b9,0
30102415cc918a3bf914a6e5b7e6162b,20
8bffbec21d2eb40e18603e2e3aff8f2c,0
d6115bc41c7ab258b8753e2df6877b11,0
251e97dd607d24c0490c7f25ee79ef8c,0
e785aac795f58cf989dff58cf18b35f4,1
2a58593c2481284dd8db3e3f6e1dc42c,0
1876eec647234054db82ccdd5d3e401f,164
12cfa98e9d1e5deaae270ec8fdb7e480,17
f482ce004033493549832b45a21e52f3,1
b8328f8c9a9e560910b6f58cb5cfe832,0
76efbb57e30e88e2d3de164a6878a69a,0
816a9cafba416dfb72e361aba3acac11,12
2e010a61b2ff44e9a06169afdc44dc2a,0
c1dc5ebae0bc6be100639e93ba9a3cfe,0
7edc1bf1526e34a21d9bc9c0f85e05b6,0
023c0c50b738908648c733ae7472e1e4,0
6e608725b68a2f74dbb9ee3de2f8d98a,0
25004f28e9114ae93a965c44ae2f9ac2,9
3e33a0ea8decdb1b42a4ba76f6343577,0
0f0b7ddc48e37e6fe62cdfe7f0e9a741,1
437df7b654b78f7333a2027ca7b5eed7,0
ccf84133492a286fbad539e04957b0db,5
27b96495320a04d5516c408802d65c12,58
dc6aea9b04bb78b27d17a82789ce8bf8,0
d7f3c5d560330f1b8005d55923e36554,0
7132b49365af203fb7ab252b26ed48f1,0
9f255d505ae6718f315b615589beb136,0
c24dc4efc19e434b29cb54d5221c4881,2
d1c7b89d2b04e9ecb97f192d8e2402da,0
10467aaad0217897b77e9cf9e8bc0778,1
638a95701d71060855c6ae95afa13359,3
3cce205134ae30ab3e06cfca8544f462,0
094983b38359a85bfece9aaa23ebd2f0,0
f0de28f9d0035d38d06f547df1d7234e,0
0527b7acc823e7753486fe4ed224d2fe,0
bbca436d2f362de02091bb69fcf19788,0
0a60ff09c2f141aaf4b7013cff684065,7
8d8462b3caaf924b838cd244711ae35f,15
e487e7b3c43123196ce9613a7b87af8f,0
729012bed44f57a4c7cb834609971b86,1
2ae04f56b0deea380d20d99eb476a170,10
156574dd56438b403f7c71bab3129be7,3
242673e3c7341ed11d9194acef05a612,0
9e847a4ebb1f3a811d24b5d068b1f782,25
f0f047dcd7baa6906e0ec1afc8c6e877,0
8f5d7bfa4eb2cb5ae7b2c9be3f1ec070,0
1579ed5ad7ea64d5264c29295e799c92,0
0677be705fb8df0fc83f6223bddb55d3,12
6691cda6a29af209c2232bf7569e3824,3
eb6aef9f858d5a090dc55b066a5f5ba5,2
5e84f279d89c0ba0390d4924b9775aa5,0
a69760d23d69341268c49a3c44e9dad2,0
b707bb4472dfd31aed89e960a0eb0112,0
78be5935a8467f84b9130bdaf6c88cf5,0
ee78ee0257c66a53f9db4ca9a6be456e,1
f3f6baffb157390c4f3250720a6165ae,0
4c25920f65656c1581bb40d9c1dcdcce,0
8e79125e28d4ae6ac02a6c6fc55bd68a,8
851be379286de2f498b9fa8f51f9d281,2
b4912afe7936eb7cdfac619d187e4b97,6
739e0b05c96a9aa94c86a0443c14e352,0
47aa240a500f4f4066919bfda70bfedb,1
a1abaa777a2185f457878f4a333fbe0e,0
140826d913bcec66c8684989c874da65,0
ac4f247d246994f20691522d6adb3f21,0
1c22e9edf4d3103fbca557c3562d5460,0
4a7f7eca2efdf32974e632a47a562871,0
adb81e333e44c36bc149e8efeecda27b,0
042f9f148e4af12fafe5a2eee506fefe,6
9a46aa584d3d2bf3ac1d80180d986286,0
7a39c5267f14f573c2a6d126044001fb,0
a1847c5386d76107da74dddfbc7218b7,0
786d6314b7184f0698a67f419f44d6c7,0
c9453f843796e487d1e70ea85d455db5,0
f8a32b7e03a9d2776586137eb771c44c,0
786007b54ad310c4ab6bb13a18ee604c,0
e45649b12e6dcf94e12e69ad4ecb0d01,0
4e461e4e05ee001dbac3679761e32ab2,0
0eaa130fb6e2b853c376d0d2cc64f676,1
63d6e6209737ee0262bbdbc55d77c099,0
fd0967a9418cf5fde52f2508237f39d0,47
6e37fba11eee6b40c1b22f2bd6a5fc6a,2
f5db0267d0c3107c99c8fc5bb26281b6,21
e48c8fbfec9df3b5b8052a44fba3a66f,0
0a6d4072f545dc1764b16da6a7f9ea11,1
2b265e2c67c96e6411ec1c5137fc9ec8,0
bbcf6fc4b56ad619e6990ac448f8c67e,0
53351851ddad5d6c04a7eec7097c9b33,1
7f3f823f8e24da0d36b279cbe9229c0f,21
9bacfa1cccfe6a47f3c7902472a47314,34
04b17ec2ddb82b2284a10d348ac8583c,2
f8291495090bceb8ff1479b1b052af82,0
11efac4c5b3492eacb9b8d601b8a9909,0
7d19e565bdd054dc3bff2cd60cd42b32,1
f0bcf6a53635426fad417b2e6fb1b9c8,0
54d2acbea2e6b544013d9a563695e7d3,0
917499c4345afc08acd6462eaaf07bb0,10
cdf9295b1fcbf647c6ee427c1aabbf61,0
6a2090b0334b991785e60943b0d0fc5f,29
4963aa8e77d1aacdf562db00aa23a891,15
6f3cc35607f01bea9e0e8d13d6c793ff,0
b262a4cdabff4d651a2fb9b148a28f00,0
101b9bd99ce969f2bf7e3a3b27cbaa4c,0
304e25f3ffe0a31106d457364686e229,3
c2e569626e24522b5761498c7a7a1c95,13
d577acea1999ca31ddf26fa1fb54b9d8,0
79d78bc22280d4f3618a3b99bbae4c26,28
ae22ed0fa07082a491d0189c35fcb83f,0
18f366659458fe00cb0808144021b9ca,0
f1e328e9fdc4894f35c40cc05e2f7670,78
a165e90c9893b29032c04fa24f53cbf1,3
51b0975b0bddcbf130d16799cc22fefb,0
8c6d8452e88e70d67fc4be368df7875f,2
d4bb026f1d0d8ff07774c728133160c8,0
b40cc93addd7986b3ef970e9ece805fa,4
6d2133509b2f41cc8f79db9ec0044055,0
a8d859e10c16d13915c190c49ae17cdb,0
3a913c73e0a058c79e240e3e2bc6b37f,0
627f37004dd999b9c3d4e468c6ea1d9c,10
ddb6996c9ecba661c7e7385b285ef508,0
b1c0f627af5fed385202d2c161df42d4,0
1d7ba491d0b761d9b6264d73865f9f73,6
aad0bb528fdd72eff0659d784b1fc416,0
2677672580a6b283c3aa4592472e3e94,0
7095000dce4087fc7284862355e8aeba,0
1bf9f209f75241eaf9c8920f6db4cb66,0
0ebd53aaeb2c2463dce12a87fc06ad5c,0
7f903b1f32c73be03129a74616a43caa,38
328894b37012fd1dea086c5b95442f72,0
4bfc60bf8dccb49792dc11c8d7a126cf,0
3961d3b841fcec4d8b8d87fea1d5b633,0
ea25805655f1bf78132d6f03728d0e7b,0
489fa53c24644aa8313a2d8521bb58f7,1
6b6bc35e0edde4a04687518a8e152d15,0
a50cc0781dd4b636bd9bff5cccf80ba4,0
b1dd2700c4fd19f69c3bfca9f5e5a14f,7
d08140fe5699ed6d9ab4d1b2d046f244,0
e28d5f7d751c7886f5ff387ad04ebbb4,0
0fd5cebb2143468a65f4abbba165c768,0
68a2711795dc01e391f1a809b0a1400c,0
76bb3eb0a1723838c448c96d158f8b08,3
8d7b195254a4f35c46e180c4b2a999d0,0
a61f2863221ad13d7ce25ecc097b3f21,0
69bd63b354aa215c2087f6601c49b236,0
d2fc8808faec808f40001ccf90a9366a,0
37a5a1f44518ba95d55e9411c7cd30e4,4
48d6edf27993390ce5f5c5b88946c9fd,0
f7945ba6aea9823071e1627c036760d4,6
189c4ace1c592771d892da90c2eeb057,0
87d9e9b709b261db41c55609e2eb381e,0
2f8a10b7741cb8ecbb184e1c2510a3ad,32
4a5abfaa0fbbf75a79255b380580292e,2
7b7bf0f87f05f81523796e602c650fe1,0
2993973b56ee2a432b7ff7655b715b44,0
0b116009c1cc139085c2a8ce5c62c2a3,0
b8323b4c6d54db2b57b032d957960c63,27
b2ef5e41f1d3c369c30ec17e9c24747d,0
7d41f76b3d793fd20933bc5eeda74471,0
d6a8bcc89a9f3456ee6b1e6d3a7bae5b,3
86061fcf21878f8832e3ee830fd59a1d,0
5df8c0d5a2fc6f93946d23b942859458,0
0a28edba971f1edaad59f4264a49aae1,0
aba5392ba547bd704abfabab7f075f8d,21
d03e7825ac5ed302bdc2a210976a7ce6,5
d87ff3a954d1f3fd9e17e8775c00dc9d,0
9e35cb19d6005f4c2219ffa8d3bf4274,10
47f256935dee07c0e11a09e3183883cc,0
f6b449a381b4bfec50bfc9cb72df9d36,0
f15c617a23bda69c2ff1dbbbcc8f644d,0
9f51d2930b90eb8caa8e08a56f2558f8,0
78a8599f6b21c1c22fc6a47b461c7862,0
2804bc1c4686443f32b8909d79a06138,0
f634b6fbb37d9d8d2022cd94d4258638,0
2b4c97dced50102ba720d20442127205,4
0deec7440243597812c3247c37c8d92e,25
48c68b79d81b0a18ee3802be12410690,0
9b746bec20013f73f1ba9cc53406a9a1,0
bc826d92e1aaaf8128939c5c9149e907,0
754eedd65249064a09861caf28b40815,1
dc1da26d59380ae1341a5f82bbb0a261,0
2649b21e1906281d91b04db0c48a1e96,0
906a7d0b5fed71f1e923f7ca9e95e26e,0
82a740020972808b36660155be3d4dac,0
ed45a5c61fdc45e4afeb8407037ec417,0
3029ec72cb9d9e9987f0119a12999ebd,0
fcbde37b6b3ebf3b264e60d52d7bfda9,1
5022b1173f0f3fecba7d09a2776e22cc,0
259b0e9db98c77cd4adafedf5b690bd1,0
29f1aa9f3c9ad7583509ec7536f240da,4
15bb9305c44d9c88c34b1fa84bb357a8,6
dcadfdb77d7d818d44d14ae46dced406,0
cb51f3b654000690a5eb8402bfa3cbad,0
5e7d1c346a965412dfef132bc7b0d5e0,74
92f578dc5c196f9dbbf76ee8ada89774,27
fd19d7fc2dc7a77ef2da89202c23a355,0
6085ea42854812e51553e953e9fb623a,0
e3d080ebabeed5fad298eedff53fe90b,0
317235985f36efc4f33856f085e1163d,0
f1b852ad2a9b241d7c6eb90b2813ba99,9
4aa4ee8497f9a9ed8a49fb6e157c753f,0
873721ea454cf5e44d2ec6dcec5bed12,0
447bcf47052d460dce95f9ce803c3198,1
1abb7193ba140db6622f8303ac6d2d1c,5
3c1d645091e7613b84769321fc92ec65,18
84b8647871a294fefa873c7f9956c52b,0
5e4e42cd59466fd487f2359adc49aad4,7
839ecf7c227b8d98e006acbc8cafcc8f,35
40afb3146338596f7353169c3af19964,7
a3772dc612b6eb627a2b0c5f754fab1d,2
7269292e8a4bf274a6f76f75fd35b68a,0
b735051efd2477a620928569cb76f3ab,0
5360895979967dcd558ecef8f3589b12,18
7626a5f48ed04d6d7420af544cbd56a1,0
72e4873ac9ef8672bcbb5c6b5aaeb0b2,0
2ea099dec47b581fd7f161993a427265,0
8f506a9b77882e3b7d59758490033e91,10
82bdf8cbd1b8a77ac127264fc6289815,3
58f5b129d24f900af110a07de690e4ed,0
f2ccf60dbc9bf87a4788e3218959d588,0
5eb5a8d21b7347d90d7dce69ab887452,2
5eb5a8d21b7347d90d7dce69ab887452,2
2c2fee6b21b5a3156d1a9c7c44b57aec,1
8d8e8251b28483e683a28a5f2341da15,3
c8c5e87a892bf426d90b7ab97042bcf2,17
419ec72655dd3d41ea86006985bdda77,1
6ba2ac99c4736b5fcaafb601252209d9,19
33b29543dac388c1a6894825604f5d56,1
1af679fc2dd2bbcdd00749c5858c7014,0
ac6d1b3a1c7ff56271cd08d1808f85ff,0
3a59b6eef8e523f71a4bda9ba1eb608e,0
8f339599213da86a15654f39ec2a2ac4,0
b96f8525b8d55048b10b738a73bac38c,4
772db520a93e840554991d1bb531fa99,0
b5e313eccd44a2bba2e13c9a9e2282f7,8
889debfba81d417290731efaee4cd908,5
cc3271ac011cda096533b9784f400abc,0
e7d483c860e64f3d1355501a137c0e02,0
40489e7b9dfd735862d2b9af5dc5764f,2
20aad5401f6dd07c668b79bb3cbae635,0
63d088917afacc00dc6aa1ea26d90a6f,0
76069ebe4ee5b472d7bd931b336cda8c,0
6d4e4461c6eb00926c461469f2275a77,0
38b8b06765fec70b8beefa0edcd9b3f2,0
791fa89427a2e5ee24a2c2720833da72,0
6d48a0c6a8b47ae0e707afa8c1e6964b,0
589b51f8aaeaaf33ff5a4ce4f523192b,0
3a11e6230d2450f30138633b918b14f7,0
bd4dc68d344cb2eaf6fb796827138f9f,0
52bf675048691c96df26c3e32be20628,0
871994c681dfe80e65c312296f1434be,0
36503cf1f9441e9dc677a16630a759b9,0
868abdb51ded03c02d4d09a3c5bc446b,0
904b62ff6ba81d1ac2bb9043bb52a070,7
00f3a305f5d8e2e6835083fda9692b54,0
8d610fc54a18585b44d227d04557fb47,8
9a6f17d676ae799ce98c6333f94586ae,1
e6a4a26cce8b31f2f9c858ef3aec5e43,0
4a0e43156aa3c95a2f1b886392150f30,1
5901b2145441bfdd738e4dd15d0cfbbf,8
2d8862bacea86a6f87bc86b8f4845919,10
589342a926f25d4fdcf342336372f5d6,0
d67fcd3ff0af51a19f53c7227d26e055,0
41e37bb130f336931dd39da70ab17781,7
535a7785b06277e2712e4b1517708e4e,19
93fbb8c4f2a75986219277a4facaac09,16
b442ed5298b738fe0a3febe70a0af736,1
10a1bfb64e47377acb58cf996e41e280,0
f36769af4ef40fbdeff97d86839823a1,1
3fdbf82dbcd36d8b64c7e87f7a043e25,0
272f47072e918024ce9a6cdc3968e34b,1
ad01ea1580d39c398c251845a2f1c7a7,1
9e0d0571fcdbc78beb1a6cf3ef6a9fd1,0
a725d06b118c26f95ed5383132a866c4,18
7f487dfe945cc3604677f346b97f801f,0
3593c0fbbd653bebba186364d6e47707,0
5f909eb13499d4639e549db927ac3061,2
28b2e65e2e96a578b0317195a3340dac,0
579b54d7d51b49fedab9820746dfd6f1,0
603703addf5c88c8396aff9c4f4f9302,10
9330af09deff36e93041e276bcc66822,0
f329132cea9dc0afbe683b59c66e1c53,1
0b036467ceb9d20f3843485d98e83478,4
89bf729a781f0ca704988ee37bb54d44,5
03c0eca81e8915fb5debd227ab8a86c7,40
a4aabf4f12c80a17b386ea29de754f43,0
2fda67fa2c0478ab226df614156ea38a,0
cff0e5cb720fe1cec629c3f0e8f01c99,2
59f5148286e91faa2b0a722e7ad1247b,0
18c8681a10ced963fc869a4eda4088d9,0
617de308c3c9c996993c1353e0b59267,0
533167238c82bacb3a302cb432b4d036,3
309aa35c06c03000ffb92b8ba559062e,5
1bf978bf422a16800a0089c52f246f16,0
28f92dd0c3c12f9650a7c7bba1b82083,0
ba18e82c48b533a5e240691fc272f0f7,20
6b9f899cd6bbee7cf3f30a36aa410b38,0
cd65ab6fad2887bcd7062dcc5a4a095c,0
d7bd63919d8ee144dd9fe2122ddc5a17,0
040d5c920c91863df9bca9b18b5fd60c,0
b557cbe3d0a35500d4e8ddd4d077d000,0
b7251556aafb77e514d717695637bbae,0
ba1a97396104a5c04fc5cdbd327ebcf9,10
9fa2bc3bd40d44592a793f87adbea2b1,0
9631a8c077ce9989cce234e82c757476,0
73c7299cbeb6550e2ca7c6c21afc29f0,0
61a925bd7e5fd39689f0089afdbb8645,0
4b1f6deb3abcbcc329bb189498cb6e08,0
c599f81d496886f746fcc9cdd6eee8a7,10
2965a17e39c4c0325524f8a5ac87a040,0
136eab1ae72f6fd8709953e3f7ede4a4,0
cd8990baee768719fdbd97c39c75514b,0
f581651820d5f901dec4eb7b58a2db48,0
e2e8efdb464cc260299aeba7c4ebd003,23
80bf9460808509aa87a6cdd1684e3deb,0
fd2c57ad5078044b0c6dc23527a788e1,0
09643196965dd4e5527604ecdad765bb,0
4921da63cb1f32f4235d21f7c7f26176,1
dca1e9308c73694704bc0466e3dced16,10
12cfb0e0c5d019e8b7168ce773306006,5
14e67b77ca0310528df6b9c043dc782b,1
5aea338b31d86794d9eb0d4d6f861458,0
2b23624b3d27a880e7cdf00230636cea,3
e02c48a8be4eece25fd971ac5252e283,2
adf40f6284c011f3cc567096724be4a0,40
5f1508f3521f9791f7944124793fd6ae,15
b5b7418f9c3ad63f74223c6eddbd0e27,24
ad6c7c6aa4762284e604d4ebdd3a283e,86
75911580aab052b84c72e8600ee66bb9,3
63a787c283f16662336a678f6cf23bdb,0
e65b9fe201454e97cf83ac7e574b88f3,0
d5744167560f6260a04b9e3f6105716c,16
6bf8e4d72dca918cbe12e8334d7c5daf,0
849d29f05d50a6a59e5ebe9497435254,0
edaf2d4077b033812485d0d4425af4e4,0
a806e1eca376951565c4b5d96e997a0b,0
8894119684260119bfc0e7d66ba48d4c,0
56dc9b89ef5c0db254ae07890e892eab,2
eeaa4791dc00eb45ef39f4929f38caea,0
6978e1cf96da5f99443068985284eee8,0
010b753b47d60c5e8112753fc771ae4a,36
1b0516f6562ae8c003591fdcd2d37c09,0
919450c56c5888d539b7d5e3f55e19da,4
bf0ff162cc300ad4854ee62c6827c081,0
67a17b9553b56f9a412e5ee67a536208,4
ffb53d44514af4f6680a0598caa201a3,0
5ead1de95f7d576a1efd5c92e61bc1cd,0
df785b247462d783b4a16e8bec9ae328,30
481b70f42481098b1749e53eaac48b04,0
9c696babce1a5997c28e00030b8b6adf,7
08833dfb93428055c5f7d34286494270,0
05197a320778f4d2b206f606a3133abe,0
bb9ed6951311c8564d3fabdb4135ae6e,0
29e30ba181ca16cf1949c5c1233178e1,0
3eb6e9cab9bd69e0323071f42c911b22,0
b138b1625b5c0548b0f95791d9a42479,0
7a719e876b30ea5fe9a48c4967924793,2
9b33afe8c7521e10923cb42079cb02ae,1
13d7f91368f1f609278422c695db01a7,0
27245105b55a123eccf1a83cb886422c,0
3e20be9c9f10a0b052b7c8d861d6e5fd,0
8ddb18927cb4375b4e21df1cbb693c07,0
0ee818adffd48a32ce53379fdf64b5b7,0
cfa080444fa990e2caf576ba928c0c8e,3
6f95476ccf11783909ffeee9d4ad2c4c,19
d11e50f95059854e6cc82a2ba1f4eb56,0
68c46c8a3de146313df4ac7e753c22e2,0
aa4a5ee61842b4172e12b56cfc07cf57,6
7f576e3764a75118723b7ae15b8049e4,30
15492c1adcf8899b04af3d7aa3fbcaf9,3
d640038a41b3fbcd4c8c6e98f48b38cb,0
b3daa751d0e78e11f5154570178d2106,0
6fb884061d44b2f13c9614968af708aa,0
5c0f276e0f3dc537cc188e0b669130af,0
654e9749ac9a6ff1c224bcfc1c1cf59b,0
fe0fdd0a9b37f1ee60f57bfc5a802db7,0
bc0468987a8d4e5d83cc7064a219fd11,7
59b17804db794b75bd9741fcffb58301,1
ea819ebcb6e525806f365b1f8bfc6b39,1
5e0fa3f147c6c869a832bf55cb3f4525,0
2e028c09f453561b33bbc0e0e350d6ea,0
50e1b3c2c0b4340938c2870b6e56becf,0
aa1fc13fa87333ffdcb024048aea7304,0
50e1d0c8d372f4a2fcc65e61371bffa9,0
1a86bfec3c49ac33a3c4205eb42404a1,54
0aa57e7360282d364ac66f1e8a97a8fe,50
ecab7bc5ecddf3a9fcc74a78238f7949,0
224573b050e58bdb3eb1f0f7a462e543,37
cf3fe30aa0019aac5c4732ee08240f91,22
18b28f23227b2bc454c160acc5514116,0
669ed9ae5ddbbf4720da23c246694189,0
06f65a6a133a28105000916adae17ec1,0
3efe2bbfb89ba8e039d02a590bf408aa,0
dcd15e2fbf648813870e21d7626536f2,0
b507eff8b599e74e949e4d82940414fa,0
513450d19da7c5d465e36337d0d82e4a,0
15b51599d72a66cb85db918e683aa8d7,2
ba063307b7314080d0928827cd1ab5d5,7
224573b050e58bdb3eb1f0f7a462e543,37
5f9a24a9db8f7f657f79b3ac1dc8a57c,0
206978cd6e2a82e9e8b2b0744aacdd11,0
cf1f81bac45b9b1cc5ca6b2bb81dcbce,2
3f2c31d91213baed4d6d55a9e9fc8728,0
4053b51bfe8e3ac593a535abf89dd1c4,0
cb603c38a781a0771308f49cd5dba671,15
82f45fbfc5d0bafe59f2110330a530fa,0
577fe7d70b302f3bb1e5924ad74a2b56,0
fa9cf78714e86822dc012524fc8dd026,1
53122ef8b1517ece23a643b8e66f5f13,0
ac14f8d891c247958845a3e8c68cfd31,0
3df76f854508b5e5d12b573366c1fb0e,45
a2721b207d88c7c86f14a4c8c4431b3f,1
7e16019694b08e575d56fbfa7d69534b,0
7f2f5122f2b947cd6f69e4d27a304b1e,0
cd1be00c8f7dd721173795003607bd5a,0
4f9fca0ed09938efe7781c3fc7560411,0
551c442e772df4fac858293d8bb70fec,1
40ccde0714ec273e393c79c7038a291a,0
d7b8196d19d1d56d27703eb30ea9a2ed,6
e6ee6fa79451e29a2c5c8781a56a4c54,51
a7065b5816e21100c9090dff8d9ca1e7,4
631621b403ca02847341e1c55ee8574c,0
1529eb94182e408558e0145a8d413d22,0
8eeb8639541abde53871f70a62db75b1,0
5efdf02f638bc9029dc9dd6bdd74a7da,1
6709de8af2dcea3880b35af8cde0876a,0
7838b7df340924a027ee003c3e9c25a0,0
4e46e122cd1065fdf629d8db40bfb872,0
6408314aa1ee3f8fe082e24430f61537,3
2bf9cc184822170d3ef9400de06f1fe1,0
a159c8cac14ca0667ef39edd8bb91ab9,4
57a2be3ca0473c460b3e00cfc09109ce,10
3239e39f132662982f500e2bc391a4d2,0
228613e53a5cf3973e0d0fd0fbbca48e,0
2322fce7b9e1e9d74d00cc8debaf13d5,0
12c9da188ad37bbc08294c6f62efa929,0
13e50ddfb256c9df882a0043780a95e1,0
ac23ec8a37422b4f1f2204f3aff01323,0
ec4b50319760f00cef604368d369a8df,0
3330a0f328d21ac4413c0fe59e877633,53
f18242966de114be770db8d5d9deca60,0
51aa69a306bc56d8701535c10041bd2b,0
25b3cc79c8701dd2908070d729c9c534,85
1439e963dcfd611bfdd3231bfd5babe9,0
750f0259d2328522264f81663c54d8c1,0
9709c482173514242da31545266b4c48,0
2ca030ff55d543da2d6d5c8436a88788,6
ee54c305147185d79e7140ca09ef175e,5
96e6b277c9efdda1134f1d808f501835,0
b6999492b8c51a700068804711ec54f0,0
a754fe703bdf375522ea8f896b7b2caa,0
078e4400dd65e1e15740719bde0cf7e8,3
b38c17aaa1cef15128a1b4e1fa4d765c,20
2302939a5f2fc9176f14728e19323520,0
4bbdfc45d27bd2093677fc540cfbc876,57
620c532ca2d0dbfed48af01d70b7ec7e,0
289f3de43ee1926a844c1aa3bd39460b,9
946e7cf5e573d57bcbbebd66514729c6,23
2816a31160d4f5451a1a200598e9189f,13
c98aab5a7b16ebf151791a31f284703b,3
801670a6d88c346979c6ffb6c9e4a9b6,3
35de5c8de8fb14ad54b6b3dcb9db7ff0,2
939b2b196e4452d09eeea782ba67de29,0
bc3cbed40c964a69f5d0cbe84d9cf190,32
a0b4f163d6d265d4e06699da58d37209,0
7d19369842fa3b6c032db5deef8ec264,4
9249c3623f122a250740d7498c50a262,3
950c307e418d273b40e24f8fb4c5b935,0
9f8ddcd4da2c5e511dc80c4b930b1342,0
08c13c11cbf9cabb47ad129de37e0d43,0
57508f0d3f178366e5a6622c771558cb,27
0a0623e457c5f40bc8a1fb83d74bf503,1
d5f0dda62d73308b550289a073ac60df,6
8b2e9132bea5a09e78bb187c4f6298b6,0
2733331d5f9b516422f831c6294de5d3,0
37b613914c32825b2b2eeabfa2a8d5b0,0
c90eb4f31b060c5a5e437ace6b9461e7,0
daf40291ccd34b584cf41bdedc7850b5,1
eb98be243cb0265c0de79a7b141bbb38,14
e42ec615f34770ab435468fe2a4c2aa2,0
369389c22fae37af0e390dc9d2a075c5,0
df91ce199b5838b40bc8ee6f3fe2c5a7,0
25b5f8ca481825b3cae3484beecc9596,0
35fe3cc94fd655c97ba4bcbb785317e8,0
e8fe860deaf62186ff7ac34d3c458744,0
e560a9c2f645faa6e4af8391120ce0e5,0
4084aed3ec4b5d456167ab82132d93f0,0
6c824f83276b2f52430cc85ca3915e3d,65
627b51cfdcd8426035a3acb000a83171,41
4088ff616949eee6bb3dc55730209046,0
bf2447613b016db70059a843be3be2d3,0
c1d630f4954a8081abaf4e8119fc742a,0
6cc0e7ee64a7d155972d5d00f0cb958d,0
e1add76f9d7aaf0fedec99ecae5f8b15,2
ec36c18161d1e9888f01a302b120f6fc,0
9a4829ce75f03d93dcef845e08081fa9,0
a60dfa2a528d1c30321adb0925c58604,0
dfd13dd225215b5ea23c8729c155625d,0
d6c8e0b6c2b6f314e23e77a61567524c,1
04934f4153e7c633d28a51ac23dbdda8,17
b362ea35d3f88a9480a28a60d75e76e7,7
dfd13dd225215b5ea23c8729c155625d,0
2314a06b03f3e8ef07dacf11a84eb9dd,0
869dae9a37561ef262317ff972240709,4
4fe1b3b0d05cb5821084484b8af8ba24,0
f087252743f59ff5ed4e13f36b3e2480,0
f087252743f59ff5ed4e13f36b3e2480,0
11336ea738668965ef6b64966ce11cc4,32
ae77f0d5dd6c06c746394e21e9e3d39f,0
e1109e6d1a03f162d80a0e55797bec2b,0
138f2c9db983569ef4ff8afd3f595654,0
1074caa48f4a25b6c84ec56cdc2ba27e,0
12e85fcdca08dc817d50831059ac536b,0
f72018fb31621236437d34ad5000578e,2
edbee7d499668c3dc30aed693e58df6f,9
3a19d3201a22b6c8b27268298a19c609,0
dd9fef7bfed6b12c2cea08d67a8ca4d0,0
48debf7537123709db495040ef5c22b2,0
29276403740431333808fa0c2fc5135e,7
69436ed14557aad85abaeb09836d45c9,1
271a05342072f16247007f9e03d1d0ac,0
09b70d4e9e3a75b801fe5eb5d39ef7c7,0
83818802babecefcca79e1e1f8a4b02f,0
c8f9161883756612cae3383242030349,0
0f7312470bba9a3b9bab89206250f253,0
ce28942e48504207ea893ca450d20be4,1
cb492987954928576c64a28647531f74,4
e5895afd1d9bab488b1842a97accb81c,0
a4c43e60e95919e7dfb74fb8558a4743,2
bcf644a54f0ad103c3d62dedc09e5d36,0
4d75087b285074d573f7fc4ac3d23f9a,0
726e34af047bab87fee8565799c1fbfe,0
8c022f3150a8fbe7a9c2470672a65e8c,0
5b20158db64a011b019a3532576e057c,0
08d9a8d7721ed858d8841f40f32d6c53,0
d42d243570ef09337a7f1c617a582ec2,4
6d9e4684b90efe79d3883bc6ea9744b1,0
ba598cc809cba3b76d98f18eff8c3b51,0
c3649e57c9212f91a69a82969ad0ffdc,90
09da071fe885ad35e6a32ee6d9a43fc2,0
722a70074a7c1ab2063a879ac023b00c,0
3b08040d30f6b5df0bd2d657bbcc62eb,6
97f33685b5751ef6899b1e499582ee8b,0
e01118679000428bccdb41dc60944d92,10
c170153749b5af8b2bc72db8c32fa130,0
b979c58027ef0af28e0100d963d13322,5
76f31a8e913751084ed7122d78586e66,0
edcc3c4111cb36e288739ddf13dd15fd,12
760b679c95ca2b4147edfa3fae8dad04,1
f3ddd240fe8d2500e28e66bb70c93032,61
3c1f67d779fef7ba2310d876fa6d37c9,0
c79d56ab8c0e88d13ac37fa2b0567614,0
c6b15b9c0e622115580264225d3edc72,0
71e3f4f451357b8e7a88c026cd09fdd7,0
7598c4160413c02062ba81243ff7ad77,0
65e635e5184e5dd54940efbc6cf75c0c,0
e6198e9e61ed3393a6d149a71f6a69d5,54
ecc8ab1abe90a8c30447e5ac84e4f46d,0
9ecd42831d975b579dfa31c795d2990e,2
05ca7cc29475386784ea5a298fed58d7,0
e87f340fdc42f2e043f776d185944b46,0
9e225ca1ea0f3e2e0e85bd9cd13d1b21,0
df36e2bde65db0098d61d42d9b5f126a,0
bcff59b3c5d300163f192d02618ed1ae,22
5676e3f929c2113de665072c7abc0550,2
e694874160c0ee3a0426cb57ee841b1a,4
615ea4abb7573215924ad22dd2ab6988,0
bb82b5f343ec0b2c45d7b63a7d11f11d,25
b59eb479142bcdb6992d0709710664ef,0
f317668903cc52d64262996f15d6692a,0
4aba91cc5529e4e883d08b0789424c0d,15
79c793bb6423f322ca1f74f32136236e,0
3932f4e1009e3cf3164a9ce93296357f,0
c38dd9c2c9837ff2f87090d8dd72b312,0
70270ef7119bf150a3b85ffa61ba4e4c,0
73b1628bbd760cdad225c246031666cc,1
b713a52bdcaac4e5caf4660311fa4171,0
0c0a123fda8f6e73bae319f1f2e63d3a,0
c0c24103aa9c3cb261f24ae016feecb1,0
2bf8efb04ef1fe5841bf5f6b1497d708,1
0d28746401b189959b55605a49e6d60e,17
c120232f9fab27cf0e56ef9e4bf9e2f0,0
49dc3144b02782620b8a6b97d845aae8,58
ba5712c5ae9f63519bd5d8bc52462338,0
b9ea0de2bf3ade58199ac9d917e1bb5c,0
8f6f0a4a2f3b04ecedc929d233bc95ec,0
7486c5a3c0480ad75fd6c4cb8fde3fc8,4
080f4ab8462098aaac483a2bfc8b7e76,0
18dd85e84e567d472c078752fe289e0a,8
dc44d13b7234a2d64dcf58f4c41931ea,0
f28abd71a690d32c74901582454d3062,0
9c095719a58899361434651618901176,0
7bbeaa28dd6bbc37433b0d9568f2d99f,0
84b62a8578dca156550416aa56b16068,0
b7311fd2b11812267036730f0c699cfb,0
e0e8ce63b57ccd56985513343f93258d,0
226a50fea7468b814f4bfb5034eeba91,0
947620e045ff9db8f15f360da24c4830,0
ace80cd0e4a47f490da342b4a5af17a2,0
37f4ffb32c3c3be6de10efca1c390fbd,1
006ecc6d8a8020bc86dffe3e31f1d2d2,0
bfd628cdbfaaa3cb1eb35333b5bd7bb4,0
e4489ed09461c2dd3f95070e0cc87d14,2
501e39b96aceec197e9f5a97970365fb,3
ff450fec09bcac165178174e648fb75e,3
a98578cd15ab9b0074b1af7e90e628eb,1
04901b58c1c7f0779db0d7d239760f3d,0
bbc1eed65fa20f9e7fa4d9c8f3496fa2,6
d07072e0a4f0ce2f864e17d435ce3bca,4
803e0b5028b969b04901dfe00d740a49,0
27ef4e5878149cca4948c71ac086fde5,1
b7e245a2a4624fba4532c2829ff1f4b2,0
bb0e0fa45cfbc856044c0338f63d25ff,24
717609c1c1726203baa4c0155216ddee,70
0291fac45e8af701e5a79d38a6384e94,0
9bf1fe96ebad013780672e6362600cc7,0
54299cc7d3c5bd3c4ae49bd2a1bce030,0
1e2ca3a1b2cf6c1b06a7e8ce04ca6e68,5
056b141de25f3d591fdcb9f8254d03b7,11
825ab63809836fcfc6b0276191909721,0
898974e73e10137cc1d5a139ab0e2221,0
4a8fae9d3035e43c8c6c0471941e3d84,0
3951e1311da40e748c05951b588ae8e1,0
5e6b41a4cbbfcb19cf41945fc6d5ed0f,0
b5151fb1eaf09b252596c1cc453a873d,1
e5cdaa643c19d7009a42c9e3ebc0afcb,9
142f3c0fa97881560ee5a3c9d8a6a62b,15
d3b661e557a9edd0087086887e4f0560,0
72e8641f7051ea22848f39ed56f2154d,0
0ddaf68b8f9ec73f15ce130d60651b28,0
1d0da669372074bea7dcd9b20873f5a4,4
9f3c72f4030bddda33f7db9e6390b2e5,0
b10c915b8f6765b893c031a27ba85c11,0
867d0f575d4b18e26e47e9f4da1c4444,0
b1b481827071fe6661b84831ce5128ec,0
b768e0104e79fadf27c1975d6614d652,2
ea03feaba78ac236cb0848eda21cf675,0
e4d442d8ad395c8058374d234a0cbc12,0
4b7f09aaba6fa5c8a5695df6c7986c04,0
c6f52f310b79218fe14718cc473e407c,9
3bc710d96b845fae442248760f4462d8,0
bbc502b6ef35f80f36d7a1a001c31082,0
ef09f4e200bb6c7692bc166285c19982,6
6c5c1016710cedaae30f51a659f3235e,16
d2497ee3968889d5802279808f70d822,0
0f8b36630fce0819c0201581d2d57d92,0
bbd47ec4ad6b7c01a1d6d4118fc45b4b,0
ce7cb7277d3650c8576988599d61fb00,1
4a5209722b27f05c5010d045b3eeaa0f,0
0670ae99953a3b3a4f7e26555708e5b0,1
bda6e2f9c22aab58ab5745d3b8bc3d6f,0
81ede4f0140e990508fc9f2027b9b3c2,0
66c809a0a394bf88854cc1bfc43d7e31,0
044e3206320c1642aef6283fda6044ce,0
0c8b01eee1ccb634966cc040db70ea7a,0
14b18cd730724632fc0240da7f9ee289,0
3a62eb16803a2147836f882b747e7ae9,0
02b71c5eccf113130d905efbb360ed32,0
bde549092f1b66e82d66635493ced20c,0
db2ca7ceec14c289975b9080b4c95d65,0
58d9083efacef8e4b2f536df072a0101,0
6ac514f80e910675c3c1c6df66ef2810,0
01a9ec1f72a28f1baa730ac66b144208,2
ad4c42439032a2ea1a81e53602030ef4,2
d4f1e7d9cc21b129905af32da08ba41d,0
01298e9db89e89c1bcd443d993585314,0
8dab2d2684a9fbf900b059a6090edc3a,0
885ff87e4b27f30ebc155df495cc8081,16
3f677fb4502e4f11a781fa4d5cc92b39,0
91a9cea15940d577ab326ca0d68fecc8,1
67bef4728e36dda82c3064dbc9ab59a0,2
7f545d0a8e31c18cec86f1e4c2ffc27e,0
83a7fbc1890d158f5dacd21b8c198acb,13
d2604235ed55f6a45da9a95e839a1e91,5
dc2e2f77cd71dc0d0646dbaf8e410d7e,9
76b0720f38c7b8f1308a2b20f2364955,0
fef6826e224876739f0dbe535ae52a61,0
96f6eac05064ec9b6145c51045089181,0
0af535d3e282c476e51da338c6af6a87,0
39be1b1894b80ddfa96ab3ca27b1018b,0
96a7db25f9fb06fb08b42e6d01d50b7f,0
22eb4922fbed5136ab69eae24df58e8a,0
f5d3353b086cabed6326594125876abf,0
984e4117c6ddd5156a40c96c8fd6d34c,6
b057109fda3c26b83b02b2a85819a261,0
bdeddf16164244bc1fe42fbccc7bd167,0
d7124a7f02855ff5dcbdf43de3584e71,0
96459ca67cb19e2db7b09581320c0fd7,1
ded4e0238bbf781dba5a275acae72284,107
cb20f01d7763d409c006040cb773c86d,0
e2c93eeb68d68d8a4c418ddc5e2de27a,0
c394164a765d553b1474ee83cf992881,56
43d34cfff70200f927f792653145150f,30
5980f8dff66c84d326127321dd6e4a0d,0
f5a4ad4b73a8f420a97f1a326e38cc2f,0
7775653ab24853993dc49c06cdf0c7c0,4
5fb29de9e0f90ac495fc6e01260aaa25,0
ca934a94783501031f50463a73a1cd00,5
7946bab261f7ad2bae4bc9ced447aa64,23
b4fc6953f45a166b92faca1497f25c3f,23
752946054109122add605890abe5d1e8,0
0f08073254318799dbcc833452ae4fd4,0
f1f1fb252344c8505a1c77215e23219a,18
7302f780309876cbb341c2f06a8ac1cc,0
6f16e1c9e61f68c682e3dbae51ebb492,28
a6974c3712a11e3602c753076f2daaaa,0
198f1f6f375c81b438c1d019603947d3,7
2e319f09b226c5abce40804e3446d495,13
59c0058314974cf4388e54d7e7d6a3fc,0
b3fed480737abde64783bd904db34c0c,4
bfdc47aa65cd7a1f14df9f1adba84c1a,8
2a8f32d950c8295838d428bb0b6b9e2e,47
fd137c16c51018389320774ad1039992,4
d51553f0e9545b0eb2f30a982ee9d819,3
b8a3eb95b0f115519d02458174c04f20,4
90c0cfd7f2928ed20adee246f55cee8e,0
f901ebe29397c4d97b943862d1ed00a1,22
49c92b412e36494f357706a1be0f376d,0
41a8831ae20db091aae5c75fe93ca1ca,13
34117637fc5bb4d5540d336b2efbb96a,0
af0780e6902c52ca25f53b913e91ca44,0
b31954bc9dd77bddd54a6f186d3e4cc2,0
e6d66be3ecb35306e553e071d055b2de,7
3e049fb816b37243350b59f357aa6c7b,27
cfe047db5cef325419e523208e39bb2c,24
3cde531290c2cb776cddc033ece0b166,2
3acbd39244da3d33c95398661635652e,0
f4497ccbcbcc1ff787911abb9880d4d9,0
145f6465538a5d9cbda4e07daa3abcf1,0
f8b4cda2b6d7f3937a4b61407319f318,0
261e06780bce030ac45fd39a74eb570b,21
261e06780bce030ac45fd39a74eb570b,21
e99b4d9c5bdb37856ddd783c0188e671,0
4b0b16eff2125ccd5edf61fd3a0fac9d,3
2a8b5b31920f7a677a639cb38aabe26a,4
f3b6c9c79b876b6f07a9189d9ce8319e,0
8d77e1ea9c9f2a44f18e1aa8c2f80d0c,0
aebf2cae1b956f7f68bb32f73eed82b2,0
2a34991ef077aa6afc962bc0058a42ae,1
0a187dd5d04d0dd02be361856b9e3ecb,0
6ec01621968cfa90dbd383e84dc85422,0
cf5af5e65dcfeef12ef06eede564cf16,0
aaa82749b16f527d13acd0e0fab34a45,0
eba3fd8fad29ee83581189efb63e13f4,1
37e5a4bed74b57f78fbe2339c496e84f,0
0abfebc803bbe164aa8453b9b18806d0,8
be97bf60fb73fce2af45f25637882f83,0
cd1ca90e7b838453f327d48d1f45fc72,0
beb310752c0abd6b286f7d3037a3fcd5,0
dd95d43d9a77c83a75c25392d5d55e98,0
8ca0e991c888b90d483b16d1a7444707,0
84002d71021a780e0177ef5e88478942,36
f10e8f8cb4f272212aaaac211e625fde,0
2b6c478f6452d5848c163c3a0d441d58,0
8ec8bb803c5382c58dad4849294e1794,0
e69f6c878e8d60fcc8c4fe0c86b5107b,17
aaaf8fbf205503c1e6c04675472d0d56,0
555c4a12b4915c3b757e78093a9201db,7
f90bf095d00e730a0bb6068ea20084f1,0
b04b9d2bf5c8207be26f1009a3cc0509,43
388b5ed3dcce02f3d453931fd4912c1c,0
4a9f4fd899993fba6abf7c57e23ca353,0
088dfeb0c8f2e5a3e3e9b8dfe3c71f66,3
d495aaf546204faf9e9b50f406088e89,0
71341c61274a2daf835173d8d8c392ba,0
29ede7d6c07b795ceaa72e0064877658,11
b6c97c93ed9ec07142fe1dc14b02432e,3
09b811ca972a8f9740c125b74553ead1,8
37af865e7931e37b523d082d1f886f9b,0
d4823b4e78850077686803462de087fa,0
9c826cfa4f4d1ab9c760fa729af49285,4
e9d7009a99d19d2abfee08aa41327904,0
78c785bbc3837af854fa5e1e4c3d1863,0
2bfda241610ed83a7651f8815a09a54e,23
63e7e365ada06788833a04a8286f6920,0
785eec81cba308234c424a81a30ed7b3,0
9651521972d0f090325a91b72984c1b7,0
8b3bfa85204eb54d085ab6af82a0a05a,1
dd2add4586ba67a1f26665cd7e658cff,0
191481c500610d6b8f56622fc4460c6f,0
8dda9c7544b14639ce8e52fdc7db35c7,0
baa278a4dcf800f634315a3d379310dc,34
475c572280b534eb06fca69c76f739c4,0
7d166cc50abaf8187891655672491314,0
62b5214c087fc3717db65baeec4eaa9b,4
6e76d070613bba70f56deaadcc2dec28,0
0b0369e6c17de41a27ee6a78a1728d56,12
73f775eae536cb05dcee2d1f6f6bb7d1,0
8f1532cb2aeac6dba236c3922dffedad,4
3b741981937cf0da5faa97f1cc82882b,15
dd2db1f5a79e9269379fe061bfb37dda,0
e9fffe588134f13f60ded7f02c0dd951,14
42c7dfd3b4ca89c209b8e97ae4a2f96b,4
3ac8a411dabab9ed89daa03ad55c9081,0
d7d31934a6c90e167ee0819da3704b69,0
849f11eba2001833d6fade2c77e10a3d,0
c76845b2b6d528f1293053d2351612b4,0
95fbada1b675eacfbb760c458c22fa0a,0
6c5bcae6bacc05400f2bdf2b0c10f1b3,0
a3a65d3040ed4f0fa27c3fad470b9c76,0
9171a8a279c8241100a66ef2aed00004,12
c83e3e4ef765774bec4fbf42c857bee4,36
4b289e184e6c5dfe86e1523d815a49e5,0
1c471294b69348ccfe9c5542ea4f035d,0
aefc6e2a3d5f5a949cdff69cc807a9ac,53
73ef088b9ca580c464a774d9dc0ec89f,0
21874a37050d83fef0a28141e3a6686f,15
fae625503889790a7ab463fc33e9c3ab,0
78107651a23f5b92662301c86bd442c5,1
890a31a1cc4a4d6c7a19006d7926ab40,0
6a5bfcd973cca1543d11557aa323edae,0
1cf90c68d0137669cbe3646600814ed5,14
6d454d8b6a77e66d920a72b592d28981,10
4280ca67ad59483ca8af8b0141a93b68,0
8f4f77777c8b4a0331d736f0f6a1e907,0
cb5cba939e36164bba844c7c30570141,0
8c269351a8d038bd66d0614bcc0614cd,1
c66c8d3c1b4512050a5b1d2d16d4d195,1
9c3ae9ee542674b0830811c9c162a6aa,6
1dd33c1e4c01fd6a0950df2f516ee05d,0
83a0ba65f4ae54eefa2e6acab03a5837,0
892a904030e33774d5d960ed0bdb1ff7,1
8665e9ab6f04690eec28f132c85cef08,0
b8e4a1f4feba4247402b86466b6cfd7e,27
bbb5fb39330907d118ba9e45862d9d66,0
60782e3e7dbfc555d96d7cac49792a03,0
b0293bab32cba07056a21da579cf35de,0
37e65b62dd119c30b11334a44abbf638,0
4deb38a7fe6d4d0c257c4d76c96d009b,0
a74883e242c57d9b6cd88da3ec71c875,50
0062500de73b0226e410c96f6d2125ea,0
1b89ca798db2fe2b0525ce8176ee83cd,0
ae4e342156f4aac7628b724e952d370c,0
29af84128acd09f932b3cac6869877f2,0
9974e70ff34726ce0eb9b7743a68b915,0
439166544999f67e09d2c2a3b27691a9,1
e711bdf423bebe4e9823ab576bcf4849,0
3d9bd8f1b485f1e479d9032a3544116c,42
a4f7ea8d0db3cd04f62dd54b544adb7f,0
657b9b6076f0e22904ab15bb57255a54,16
d0b8689e45c3af73adb1c982b8d667f9,24
ae38e0b810c0552a2281e94dbe862d25,3
e1cfa04f15155256166bacbe0b1871f8,0
20fbdb603a27fe839b6d61ab8dea8f71,8
7c21f2e59eaa917648d7aa01d87843f9,0
d38045a02e02423d7570c625501abf53,0
192c68e2ce5b18d8ef18542f44903240,47
68f067eb0673b69363af77ddb67cebeb,0
06cc92ca633ebd02b58bf9cfb70e81e0,17
17fcae58fae9890829cc5a32106a568b,1
0744d025ec492b212f0404a7fc54da94,0
4609935b7f34a68c16094f807b6081af,0
f9378e45c99497abde665afc7eab3253,0
dcec3aeb79b886239a2cfc255603f124,0
ba9280cb531c477e1ca5d66dc4f697da,28
ff18733f0a581e1a6b66889b31cbebf0,0
a41859d488cea17f7841c6eaa4a82ea9,3
e55e57ba80864e50131eb1d94d19bbd2,5
c53994beb2e91695b77240c51549e3bd,0
19cb40db6739379241414406eeea814d,4
512075e914b1b693b9f1910fef1227c2,0
f345d037ff0e41161f0ca9ddef732c0f,3
5768115e825a5791490ece734b48eeb0,0
a6e21a1c00323d4c5c9cb27f774c1efc,0
e5f589bda676f090ced6c7d9d32d67d6,5
e966baf2cbc7e37de4113aaf1c54960a,0
327c3d000640bc6e747dd3822a7a8e9e,6
a16a30dcb8a12dfbac479a0e6b142e66,0
669e12fad355f0411ef68dce41092196,29
b3374a934a37fa1aaaf123ae40e3788d,9
b951c493eb244157bf0d40a5350485fc,2
3b74402b6aac8c61f176a7873167a1f9,3
855a6dddc38ed9587abd1d7003f2a872,37
77f57bf633ed81c2bb76b19b49dcf07a,0
785b4f04fb434bc4cf075c2c5c35ed12,55
4be81cf03222eeb059e923954c57526f,0
30658e3671d4275cebb4aa0d2faef18c,0
41e31b57d24600b72cac5f7c520d8403,15
f2e38d5fd451ce9e96056e232629e463,2
dab9dbb3b71905cfb1e9ddbeb5a0ca30,13
b3b1510f5a0c4bf817fb340c18883af8,2
a590e4ac6d6e71bec1cb7a1f2b4dd319,0
35129958e934d43b7ceed788599fbe18,16
bfef66a4defd92ef30c571a7666601c0,19
2c47bab304cf2cc2954e12ae153d975e,0
39d2a6061708c6fedff2e3989f4e2a08,0
329bb663dae2847694030ee3398f0ef1,0
5667c323b994a72ccdd388f9d40b5dbd,9
bfdc35dd447db0058a72fcf33c4f97ad,0
cccfd09d38f973a0d6863871be0c9742,2
445ba4ef853cf6dcd8c934bdeed54dc2,0
9549fbc9c8bc4348b3fdf511cdb32179,0
cc56b622753be223991a06a2a0a3b19b,0
1466e71ff30fdf6a5aafc5335a1c1e4b,3
b41de460150b06db3d6522db5520768d,0
c9915d0b981e691d1c31e4afba81c417,0
e4e094720154a3e6041a4c1051fb3732,1
bf4069cd52c42344d597909b1706fe69,0
1177fcc34b6b851bf254992fedef1216,0
eb6751558e024726065e66342970da73,2
ae219acc72600047359b7f34ba622c4b,0
187bfc65dde1db75f616eca6b19c93ca,1
d044d54ff5fc066184d48fcdab9b5d55,0
155c876fb0defb67d9185b922abadcfd,1
649dd59a4df6d0b36fa935302515711b,0
06fff3fbee29950f88747cf933113dbc,0
2f8a211cbebb841806fcfa832c66a175,2
136d6bae48ff214949716a0b401e3463,0
1c917d4fed10ede1fd99988b1d99f8c4,0
1c917d4fed10ede1fd99988b1d99f8c4,0
c506fd95b572d7a294fbc943bffaf73c,0
75d78778c918735fa37a15ac4e5d3977,0
818a5fa93f147d8663a5a6afdebc7007,4
b07f793562bea98fcc83c36abdd6c94c,23
1a3b3e5857778aaaede5edaeded679ec,3
2b6ef54c3dc149190ec30c6d5a9c9026,7
4b7fe77367b54d62c726d8da1d9f0cb6,0
dd9ed39a49c0170a8ff3498247c8af5d,0
392d2792a104dfb3bf4ff99e78739f6f,0
cc8b38a6b6af87b0b3dc1ba32dae2afd,0
66352684a8297c0cc6c84a219919c00f,6
cbf8acae0291e78e667e9d508eb8dfc8,1
88e3518f676a910e4a7cadafe335ddbc,0
f0c506732b495457d63fcc81fef7c53e,0
dcdbd163d6f90a6f29f9b344bb8adf6a,0
fe3f2cd9b8cd6f4816b812b5c0f116d7,0
b983adc8d319fd7414506fd31b740829,0
aa662e5d3a9753658ea788f974d92b26,13
7a43f90d341f42389e1f8db76dc747e1,0
efaa52d64191c094cb39f56c7f609025,0
ab5a98d7213c3f1770ba7523b312ec1e,0
2322beed6eb3bb81cb135dc6e4d2c987,0
7a1d905eaad424689db381e04c331bc8,15
be034b997305d04aefa47d4e6c68db6d,31
6b67d14dd7e37673c4c81d34929f3265,0
1aaf4f6b6f5d8deec5f76616f30797a5,0
8a0032180084dedf427d8cd75f214800,7
a7168250b6866cc63280855f94e601c0,0
337a399e8d06d0fead523d8d0e813375,0
8db4384454b928f6d8d159dec58d6d2f,0
03868ee60318f1e9c98a4917f4803c8b,0
5c6e5b6247d5cb23c777a56fa060bec0,0
366b668cb8e8389158d546e98b18c0c2,0
6ca2a9723ec9ab01fe8f6f534238a746,0
4270621f3d81ea0bd09bafc73447dc79,0
4934ac8bf68819de519c4280b5c41305,14
24d868e8234dd54105c90fa95fdaec05,18
6f5c9b9c695974128ec5fd04593a62c6,0
08828365a8db7dcd5eec24cff0435956,0
14bac0dc3b7c57a99fa13c8d2ce6434c,0
a2cef989fc3cd56fedec5161887c7283,0
d78b201bb08b1fc356be9f4e6a5c004b,1
64513bb9d9f756cf69306e3dbe4ebc1b,0
71bc624870c1b4e91abf8d4031a2463b,0
06f7a9b9d3ac5a6a8e88f99f7002b3e4,1
1a56ed5d893bde60f96172551a7e93fa,1
7967d8fcedf977969db5522a74a597bf,0
e6e58e89990f0348095fecae9e1ec22d,0
2cf362b2a780565901cbeee2a7edc71d,0
4a299b06207a47af4784da7f50aa7697,0
565a68fedf2be72ff7738dfa97076a13,9
58300a67edc8490fd26de3494f5267b2,38
d1328f9bf5a5d5a7bc23e4b0cc9ad788,0
b300787350a453ff1cf8a3fdef8bb9e7,0
df1347f948d9bd023f41ace7cbb40f3e,0
44a275c86e0df517cb732410ccd3d407,3
aa90fc6c6c9f40e876ec42095f757669,0
e3c0b5386916001783d08d2532e3ee77,0
14a8a92ebeb5ecc1a41bfb090956a250,0
cd2e9dc1300fb94be2d533a29dfe9681,0
d8a572a10201cc620fbebf8edff853ac,0
588e8e7ad13a7889d7338a9b407b4f10,0
351d1afa7eed08afde729bfa35174d7f,0
2b110ae5f5422cdde8f71ff3dbef0e51,0
8961e69401e0e984d19fbb4cfe9eda6b,3
1b92998509b913020075013fafc30eff,0
08fb1ae585ef7859a7f4406ec0971d34,7
d690414ff0ea60cdb68afd55eae7a611,0
3808e392b93cb78dfee77d5eb4dd8183,0
2cf387f46b9d700f0a996ef92d7d3e76,0
cc902497310066aff777346d7b916e8a,0
53f53eece03114822aa1ddfa0e2b412c,0
9611daf0b6953339c216b94ab9b48195,0
ec6623013658b4c46213159f84776c2f,1
6b922858b03b618f774524f56cfc1372,3
bc5a44307c9fce943a7dedf386dea054,3
b979329c15711f8f371d0495caa36f47,0
7ec8a48f1d8db29f766de3dda96c7fb4,1
badf188255e2a72cc2a9744588c3f5c1,0
f718b714b41e75d7255ed7749e02660f,0
e24f651f04442337b2abe23b04b32d50,0
a3070fba8d72c5e33b3f243f1de32b1d,1
b3f5ed3e9c0f8e5097e6ca65c37a020b,0
d4e9f8b9b75a5fcda6194f033da9297f,3
3b83cc6b43514c2e60a9a40b0c6d8f66,0
aafa0e7a07d9fe8148a887f46ab6bf45,0
569f177db55c9530e8243c333898192d,0
487837b74c20efeff8c1ea1c73b73952,0
d81a98049ac207398fd828f5da8c5360,0
eeabc58e5ce8ac99a3d234b715671546,0
4b5bae3c14c7aed5dc87903c1c100226,0
7437c7424a55ccf76ba74393171916f2,0
69afb7ddd096994c4a3bf21e235456f4,0
bcb6985a768cb730ec9dc54d36ff1e8c,7
d491d03bc6c6d1c180739d9dfd903849,0
7d872629e3dea8a64f95c8ba693dbd98,0
41ef093e3476fae862042d5be5eba9fb,13
f37cd2a28eafba6807ca3b49f08526f6,80
3f2393d0ebc8743eb647c758b74da078,0
ae9bc830018acfd26b8d00cb9a544b8f,0
91c4510d9282520335af0da9175cef11,0
a0e7825bdb220be5b250636f19b67719,1
588a03b0d3def300967de8b348dd939f,1
737201e9aa5d451e14b7d925ae9dd53f,8
f0cf54ec8bb27a847e619d83439880a6,30
0fd11cb1f7d786e0cb5865deedd532d8,7
f855f2e89242e66cd62cfa4c68951678,0
16ae869593c488a69784647547d4437d,2
89d033ba1a62a3ffe757bc8f84a1b846,14
7b59757de53f437880c17aba224ced01,0
8c4228858c170bd9704e32527a8f0fa0,0
83c09d6ccd8a6266d9adbf0581ec28a8,0
0409c095c2b555d9be1880e74eaaa1b6,0
6a7f785e1f71a59fca9d7009319c524f,0
eaae444bf7bee1acb9f743b3a3391303,4
3dbcbfbd39248c818067bc160deff847,1
ac6fe79464e223ee22e62189e9cc4df1,0
ea1d6536c1466d743db821592e4280cf,69
13156f6a62aabdacb5a351d5bfd10b6f,0
217a57ca5df63a7e2f7c5b79d24918fc,1
aac38d0aadb494bcce241e4857a6aa37,0
f9089d1b2e06d33230a09eca1ddfadf4,0
1eedaeb1a669680bb9415e3eb49b8c07,3
616536330ba6eb329b7be37095bb166f,12
407eae28e95e3b2fe411ea7a6129eb9c,0
1f8faebcad4ec48d92872e2b4dd21512,1
6d0518519b4c7be82677a3d1733bee8a,35
d423c8598129655001aab7e198df98f7,5
0f6b00dac188c6d46778ffb4ae821dfb,20
5d136f8ff9714a9d97e196995acc2191,1
6bbdf287d63e7a813c320694f7ab2882,0
fd1d49e6323e50377219097e3076dc00,0
344c228cca1a169b822bda4b744c6472,0
ba223d815e47d3ba9ef3e6fb925971e0,0
f26f31cb704f9123b5c84010718e8659,0
871fe5bad044f832c764eb86df80f6f6,0
3a86bf384a870fa2eb184fc81d656ef2,6
cc551c3dbacfcf0f5838001a90db9a41,0
c6bd61788ed430dfc325c25e59e5d274,8
75e3be392744c8b211658e6ea2deaa8a,3
d306ae6fe5da92a4b53472c17c6dbbe5,0
1d0268caa18e51160af912e7ca803d0d,3
caaa183edc5c810370493df60bf0a87c,0
57bae420f40e5ffcfa2bfee7d97b147e,0
0d2123d66a4aec8501f4c5dbb89b6d16,0
3e381a58b68e8eaa1c9ac689697862b1,2
9c0e596f9f927d577b2223f6028800b9,2
2300dd2eddd6286582e5c8c71d7ffc74,0
5d3162cd4906780fde4e18db763a68af,0
ba232d7a9f375e0c5c6a3b0b0fb03fa5,0
054c826f8df865d9c180361b7de08dc7,0
17bfe937296d32c1c2aa3921523459cb,58
2fcd72cab1beec28dbf3a9da36297869,0
7954f62b47e44e204a441cde5f1440d8,2
e6441e6aa0d9222135e9ee1420778c3b,0
5e43010cba2694b1cfc7aba663f91e7e,0
2027ba692c60b794ff6c5f54c03cb538,0
26c0807a0abf594c407064cc2137b66f,0
c3d139ee66ecd9de6ac754ed5d892a0f,0
fdb1bc2051484e3ab2f4ba229d158583,0
6ee62f5cebe5ad747207f9e94bd946d2,33
55b1cfea98af67279d4eefebeda8857f,1
ffa3a44b3949bbf08eb7d898200460b9,0
42de39267bfc3cbcafc5a23875bd5665,0
876658209564c2b729be74380ae8ecfc,47
1471f642cb443c51d41ebb71b764a3b7,0
600cd49d944fc1f34cad9a9f36b06dda,0
76a8384d2e8354e17e660393ff334588,26
4c67f99eab1422a5316332472c3e0d10,0
1708551fb92d11a60a4785a6ba0a15cb,0
419c05ac1dad3aa70debcb5bbb37613e,0
b6ca1317ca52b3f27e92b957004181b5,0
b63c26175c18e8dc79f2f46de9ba5eb2,7
e54e76be3e307455b64051b6c2d44730,0
b34fa0cb0032b97b97ddd7c814a0c402,0
d8fd8c0ad3d1dca84d32331c4ca8a77a,0
d43ad86f801656858ded192dff354cb1,0
205729a569200ffda7de4aee88c89fa2,0
c0403bf1c1bc6230798a06b255cb2f34,0
8dc28e866f428e33e4cdef525c3cf000,0
fef19153953acd29d9e983a33197e3ec,0
517d9c95e76d28903f96d313b7bf2b31,7
bf3ff0311d9aa948d0be6970f886f909,0
1a5d50017d868db83a38f571477ddec8,0
ffa5d6668d163ffe7123a3c22f750976,0
d66570a6c788c76f744cd386fd029ed0,0
37ae1da7058cc6581ab3b19d1d99a1a3,4
992d89877153e38d90d29924ad2b772a,0
4f13d28e74e93da90e7f652cb9bade3a,3
618bee7de9d16bdbd5f60642645fce76,0
b8c6f2c87b434830278d118c142ef092,0
f023ca0f4318b4cfc101d233b06dff42,0
665d2d7f71b0e930c52708e782c23cf1,0
82e896f527b7090c6fa7b696436de557,1
b45fcb306d0b7b662a8100726668577a,0
e2149ec4133a3ffbff9d448e47cf4c47,0
74d1c60f3f11a4cc3121780d737cc84a,7
8022b602a3d41e880b71911188471a98,21
6983ccdd0c2f4bfbdd03787d5d0e6d51,0
154f2cf8d5d055a57229c86c68617de3,0
ed4e02f9adbe649f3cae17b355efe85b,0
13bda2e3096fa067c6f881673fdaf2f8,0
6ac98670826f2a760be18caeabbf3cb8,0
8713bd3208156398af0274c569718b2b,0
85f44c9d2a83c4fa4b37a7973e5e175b,0
2a022a82f26e09e14f41d433687ee485,0
5204421d51eb370e55ce524aaa608fc8,0
db2410f56b4da6fe3d149df69c199e8a,0
60c5911adfa2a28c90353329b9eadb00,14
89edb610095d77e1f649a441f2367b9a,16
37780bfb53f394bb84f5bc8e180035cc,0
44843c4ac450629061ef791d17fe3cc6,0
9fdfb38a10f6a33a9c212ca6e322083f,0
57a0dccfcc336f644d94fadafbc75a88,0
812e3a763e443037c77ad692ecccac34,0
b24ad19f68a80fee17578aa92e5de027,0
afd54a2c4576119c156569fb66518269,5
0383f11725f3e718c935b3e48dda2b9e,0
59e02dea279881508019586dbb866897,21
581912e6b69149daa8be90567f142053,0
b6b70bb6a41b54855d1324d181f0b267,0
0ab85e84180b1bed0c7507ec687af2f4,1
33c60504bc8c133a12065cfabf59955e,0
e14186d61a9fa599864cffa1696b0580,2
9de06393a3add97a2c0cd6426114b3b5,0
63a7c97084610d22fe88b7cce283cc8e,0
a61cb7b20d28a902e3aefc73beaec16f,0
885c6e8004636040fdfb0fa22dcba98b,0
5f4e78281a406953b0e3ea0023edc448,1
bbbf3a62edf73f8982dd2f8c6f9a551f,0
177ebfdb5116f082a9169ecd98a963dd,0
a25835d3e121dab10ba65fb2e272e67e,5
9ef3a5a1e82a10c8637cafb80687c3a7,0
ff82184e6de5ef97708f8465e36bb044,0
7f47c35636e3f686aa31ec388361438d,12
f5e21e6b054510cb4394414d1095e69a,7
ef57108b85f804438992aff8e216753e,0
f0164c6d1117f9ec92a9275c2b399129,2
43b42ad6e7d0f2992319b5659fe9568c,7
82478dc6c4e61cf6b6620fc78b94f02b,2
a1cf08fa3380de1de4da98e10e7b2dfb,0
dbe49b6e5ea681ca31f08874203cc0b1,0
7f1bb2c9fd47c943ddddec286c1b3be8,0
2d96d98aa2140c51658bdf6d8cf28f3e,0
40e409f6a78ffede5fcf4a81ed97769c,129
99bb0aee27cacb9baadc7c976204c08d,2
7143c79b4f3c2dc2e482d71fdddb835f,0
af478dd6bad63940ed71380fc2716f26,0
54e45e4819a2b8ca2d96e9922080007b,0
9fe97b385851fbd1e79e59e80aa9e103,0
4869cd823bf2ca839b973d92ebb098ba,0
38b1149ac2835ef4892d8d6c9c9465dd,7
bd59fc72f1eea21ed1712bad3c864954,0
b860ba493b6c57cc226d22ca8e38a09d,0
d2ed5c7bb6b502cd04207d8f4b46f036,0
51b15ea63d007c8eb83a2a11a8508250,2
8d3d5902b71f3b0195594ffd1390e179,0
e44d043761a1533495853a62cb9b974f,25
974b1ac87904c27b1ae63da5489ebdb5,0
c517348a6cb4d14686efc49cdfce3251,0
f0449423519b7de5ec462620263e7851,2
f84b4c60f4495022fdceac34d1ab76ae,2
1a125745dc9d6b8c69d8f2876b8da01a,0
41f1513c73ba96bfeace24d612cf81f8,0
d89e21455292ef0bb6f1d072b60a7714,5
d2f85ea2edf926a517632dbe23cde31e,0
15b2ff41eab6c39f87ca3fe8ae48d610,0
c53ce91fcd56d4d7628fceef4ebdd582,0
5dfef8574409842c99cada3d1b825eb4,7
dee074f3b55d1d46edd1d303810b448a,4
1bcb4fcd8ab1351a1dc8fe4985d8d83e,0
6cd83b0e6d6351d3f7c709e2a86084a5,0
b843581b35a44e29cc7a3f64f018f2df,47
edbe1b64d8f132dcdcfa0b29dd71f831,0
7decf04fd4d58365a681a0b9b9f8d9b5,0
934c44970022e799aa57f5d3e3bb275a,0
13434bb461fd51c8c6fad265ef90d9fb,0
7c0015536b6717df62feac868f655f0b,0
00d73529b32bfce7b4f746134692c3b2,0
7506fd2d76f3e24a5c33b7e463037920,14
c771e60b93de7664db65a3f5b9c4de58,0
3e051220944db60114217e2a96ade725,0
f66743ab161165d0221af222d959a940,0
8c98bb00b67c3b9fc87f7111eed87de2,0
12a9a689e30ff46e635b85f39b051215,0
ab12f6016c7e6e7e202ac0e20fe8d11e,0
5b42fc14b7f770240258f7d86bbd9413,0
9f7775941a43bbb2f48c120269c10638,0
214350419f233a747558801edcbd9e04,0
1cb3e35d23b5312669c13b7f9be7b56d,0
9603960c457a6673e8cf9052fecf1e66,0
5561bf93819b66a39fa2c95133255a25,0
1cec5f2daedde2f16fa1ceda99936373,0
6300849df118d44d347a385504194232,0
76e96f4d368fe703cf6d8cff9f727e13,0
aff72b31d0be8d421ea5e081c99e5299,3
251a1cdc1c136f0cd035f018253b2037,0
13ccd05ff45856dcb8c870de91f6b576,0
5c31189010eb63314e1591bd864a1f81,28
2aa5d3d4f47aebbd30b5052029f90c06,115
c844a7df9c4d92206ae9fed12d4adcf9,3
b67f3a8b7abf6ce70add9b7e8b990872,0
4034c18120d673467972b6f58c9b6072,0
63564465589af3aa86d2f255aba563e5,1
bfdb5fdc9c5499b8197723a869b2e8e7,0
d320abc649cb1f759a436195f1b02061,0
9b6a1eb39455aa5547068b5b416dca56,0
34770243693ae608fa9b9c4c9ddc5d05,6
0b4ce7ebb7bd53f243b9dec09c18d235,0
b2dbdcc1987a81efcee9f1a3792ccdb8,0
1eb0e67759f179c122ab3ccc01bad244,0
8443330fb7c5b2becccad4f22cf79b53,0
7c7bdd270aa1750b8c6ebbebb181e589,15
3d128cc0a7b993e6a7506221b2e818d8,0
c9df4a3bdb60952b1f28d5e41f770ec0,19
92aac86e6c22792019438149a38b98b3,0
a14bb425e0110a8f93535d12e6d55fed,0
e3ac00817ad5b71fc2e62d19659c650a,0
f8c711424802eb4e0bfc3184fb320a6d,0
e9e5ccd1d195ad5153850c4bdf7767d5,0
ca0cc115be00b44f1ac0ab0ef79fe7fb,0
0f11c85cab3c4762d183a522e2eeb1b3,0
c3fd50ff3e8f3af75593666c1dcc2797,0
e8cb0d13dde920c6beee11681fb74397,0
9e73333e94988adc21e96cd1dae06d45,12
7ff72fb420b41cf3ef1b08c222b76c64,0
7ca1929096be5c1e2466f9ee6e4b82d1,0
568f7e375ed093acc25d26dfb854378e,13
bea74fc932538184557936b1d4aa3dcd,0
848c8923990ae39993d7d726f6876ceb,3
43b7476fcc5387b13e26bba9632f9f15,4
50720882858c77db7452d30ad8894fbe,8
79d83d4c8c83a4a6d6b13b519f233af1,0
cdd1e7056cb72029d121703af344a9ac,6
bfff6a2a73539f0ddd1f676a800e482d,0
ebe89450fac56d08da544b8d6bb78804,0
616430ea151703d98814db05c0ecef36,0
2879ea496f39d715e02d26efc2c53c24,39
f3f9a5734f34b59a1b944f4f359b33c4,1
e64247439bab0caff28032dd78842a58,1
64355594d27de0b3599fbf1d5de6f007,4
6b70fcddde17900afb8dbd6de247eafb,0
aabac60f6d6f0408fe4d6cfbc1ac0978,0
664184e6385ecf95e31b20673eba76d3,33
5fd2f810aa82ca9e9742ea7331afc60f,0
89b69813b7fbb4c3f790f68fbae23fea,3
be5108ff14dadcd77cbb1f216f67e09d,5
ff959fa3ae742c9fb1d525250f765f12,0
ba760979ae5d15c44f7fa6c3b2e1caa5,0
72b207acc29f90f0b23e0c49f989ab3a,1
52dde122a9e595fa05e4a2c3c75d4bf5,0
455e5c2197e2a99d3248b96454a83f40,0
46103b5afbf609b516b4995422d6f366,7
58c280c1bd9aabdd6c6c812095f2aafc,0
dc0fc3efadbc7873abdb61dd9aa447ea,0
746ed289cddc60a4b1ccd280dbbb5cee,4
ac27c9ddb65d20b3f5908e1a9050513e,0
1171797e3b37f557e4045c2fa18cfdaa,0
e4dccde00f1aa7c3947a9533878848fe,0
53b109b6cd48010f654189b8bd7db565,0
ecc6496b464b09c0997d6d6a111bcd4a,0
db427306ae12cfe857c15cea5c627028,0
58598478f1e84e604e82883977bbcf1d,0
d4e4bc7018aec29e12deec2ca4c371a8,3
b9e54056caa5bbc4e1124921ba15e4a7,0
d7a0abc1a323ad719395e82a568e7660,6
65981595ad5bdc87f6e025843799a77a,0
0213ebde11e9ddcece0754c6b85f9aa7,3
ac76a7b8193d6830bf5b2563fda7d92a,17
723a63f6c506093017b6e6d931b14ffc,0
6770e4cb3f4491187fb8c6e77b82a263,28
36932dc33785301c5f001d9040d12e7e,0
9e64657e658c56a1b37a3fe5e1702df1,5
921c3eafa4878c822fa3e600e43cd9df,0
978e7155e86111cd6d7606636a575e28,0
bfc360ab2bb1f62d3865b7a2a75e48cc,0
d0a8ea098aa3af0847476bc9e4f4a6fa,50
bc012ba92d01f9ce60e882219f05cba2,0
83abb9e323af88cbb6cd8837e984c106,3
6b810bc8fb806be5bc1becea597876a9,37
6d576534dbeb88970a27cfca569e83ed,0
b9dd55ac1497651da1b4118e84f77c9d,0
e02f2b32a617a66b007f68f75da4ec6a,0
637b65fd4fa3395247327eb45c3d174a,0
2363cc2f63d207a2673e6d766d361d47,0
789f2f9a615746be11e4e97e8573bc68,0
d6a17475e147e32c4a122a564cfa1194,0
1eb5fbde28cbcacabea9b84a62ce32b2,6
9124cda85a95586b54481157bc0bfe90,0
8ac20be49db004252c9458c99388a34a,0
a9b2a694192e498966dd732ba94dc1bf,0
d0c692aad43ef1f8031e307fcf7801a0,0
c33773d0601d721f7efdc57bc12d5552,0
43b5ed547e5080a3b7124b063a68e493,0
e35399d12751284f8ff55158ed5ebc7f,0
b85185357829e9603098cdb0e2829dc5,1
7aa4d112d4779ba2b9baa893e0265480,0
2ad11489af8a2ba3b4c2d4fa280b3f42,1
9e802fa5842a48d1e741ac5fd32f594a,0
6d2101ec7e6dfaec0b7dde73ae315047,7
c74ca69e25922fc0c5630925932be083,0
0f4008fb3cf970312101ae1d476f1530,2
acf99899e00fab3b3e80c074149b2179,0
93924044c647a1bebfa50f69fa026c5b,0
f842ccde6916e22e624164e35660f586,0
0a68f6e60024acc664ecb835c8714c76,1
7ea0fbdb2d637cdffd95f00fb156cd96,0
d0d08ffa76f55477ef9c27d2dc784278,0
95e0452d79d0a4a12da4eee6de671854,0
5ac2e77eacda3090574f039473818554,10
144172ab475bb7cbc21142f51fbcbe88,0
8737e1a44bd66dc6ec65ffe2ae445cdd,0
f04a3034382ffa8b878e67f052b2a34e,0
911a852b40daece8a425a31e6cc576ab,0
8dac7398632c8f5f7b71eb9392e889fd,26
942664a0e4793b7c9d0b90daef277ace,5
54102bc0c687f359a27bb99933b0d127,0
fcfb865458d74af3c8dd6fb14c735b12,0
27f2957a9e642cb06ae1821c2c62a8b4,0
00b8c05faf59a6f364a6166a6669bc7b,39
463630035f3f59a67c7008b9b009e61c,0
02d85d232416a323fdbcddceee0656ab,0
176f1fa5590151c379b921f37b12802b,8
ff5bc6a58015171da02b4710c0d87191,0
8d9e77b75d072596f3f1c703368b6c3b,0
b48aaf5d15068cfff2408f704296feda,0
00e94e177b87ee9d9edb4408f80109cd,10
3885765479b4fe8f6c50c8da11466d2f,45
22d0660133da5153ae75f6aa0b2682c0,3
ec0673bdbb9b333b61e7b2cc508016a7,0
ecefdb486675d0bf6be645d8ba67a0ac,0
d653afb464f98a360b3e647efab24173,1
b4f58d6d1d9b4092760afa644c5eda7d,0
dc97cc6d6e1fddbb96e2db96b66d3aa8,1
6828c97a004ef050059cd16ef7c63240,0
7684290eb6b2f4316c63df44fb95fd51,1
79cc664966881613f197250c2abef221,12
ce3a3a8a328669ee47621bafd77cc16e,0
a9d0af8667c4175e76cc99ce4b309cc6,0
7f91623b25b042b24414b0d1832551b3,0
48cd7e313d80762c9ae2291f25cd1748,0
c996384cd870997e4b0958bc54f5ef6c,0
5480ef181ea1434fa3bc0bd37b7f7502,177
61a3828508f488ea6d7f886f4f20fa51,0
81c1fa18c9ee5c31bc21f4c4cc613ca5,0
16394894aca65916a8518456f09f3c60,0
548c294634b539b715003e2d3c1b8374,0
c72719c11788fe3cb8f10f3df9247a02,0
f6460d95cba1e9893cfb9a189e77bd2d,0
de1d0fb965c43679e33c5e304f64e3f4,0
9c691a77336451d7831219ee043964f7,0
2f460ab8f4e79b3ac0787e0e98869eed,0
63a6e8885e587d0105f91e4b189b2179,0
0df42e2371f6d763a218cedf3311cc04,1
04203af5be9ada2d0fe340311ba36a41,0
b975c55a965fd32d6db484b0d0b32eb5,0
48667a4c2311ed272605334f1e9ae480,76
0fac4d3325e773cb9c9bb5a0ae2555a7,1
26307df7a1cfce20591193d93e87ba09,2
4d9f395dd8aece3261a7948691034eaa,0
cfb602ec193561d3edab5dfad169d469,0
641ad9db49c07859965dd3032452965b,38
41a773532079ab58e6dfb8001a8e8d22,22
21687f9c04aad0ac318f435d555eed53,0
596d0f0687001df332269f463f89c731,0
16c22d176c33466f17a7c426a98dbb8f,0
